dateRep,day,month,year,cases,deaths,countriesAndTerritories,geoId,countryterritoryCode,popData2018,cumulative_cases,cumulative_deaths
2019-12-31,31,12,2019,0,0,Algeria,dz,DZA,42228429,0,0
2019-12-31,31,12,2019,0,0,Egypt,eg,EGY,98423595,0,0
2019-12-31,31,12,2019,0,0,France,fr,FRA,66987244,0,0
2019-12-31,31,12,2019,0,0,Nigeria,ng,NGA,195874740,0,0
2020-01-01,1,1,2020,0,0,Algeria,dz,DZA,42228429,0,0
2020-01-01,1,1,2020,0,0,Egypt,eg,EGY,98423595,0,0
2020-01-01,1,1,2020,0,0,France,fr,FRA,66987244,0,0
2020-01-01,1,1,2020,0,0,Nigeria,ng,NGA,195874740,0,0
2020-01-02,2,1,2020,0,0,Algeria,dz,DZA,42228429,0,0
2020-01-02,2,1,2020,0,0,Egypt,eg,EGY,98423595,0,0
2020-01-02,2,1,2020,0,0,France,fr,FRA,66987244,0,0
2020-01-02,2,1,2020,0,0,Nigeria,ng,NGA,195874740,0,0
2020-01-03,3,1,2020,0,0,Algeria,dz,DZA,42228429,0,0
2020-01-03,3,1,2020,0,0,Egypt,eg,EGY,98423595,0,0
2020-01-03,3,1,2020,0,0,France,fr,FRA,66987244,0,0
2020-01-03,3,1,2020,0,0,Nigeria,ng,NGA,195874740,0,0
2020-01-04,4,1,2020,0,0,Algeria,dz,DZA,42228429,0,0
2020-01-04,4,1,2020,0,0,Egypt,eg,EGY,98423595,0,0
2020-01-04,4,1,2020,0,0,France,fr,FRA,66987244,0,0
2020-01-04,4,1,2020,0,0,Nigeria,ng,NGA,195874740,0,0
2020-01-05,5,1,2020,0,0,Algeria,dz,DZA,42228429,0,0
2020-01-05,5,1,2020,0,0,Egypt,eg,EGY,98423595,0,0
2020-01-05,5,1,2020,0,0,France,fr,FRA,66987244,0,0
2020-01-05,5,1,2020,0,0,Nigeria,ng,NGA,195874740,0,0
2020-01-06,6,1,2020,0,0,Algeria,dz,DZA,42228429,0,0
2020-01-06,6,1,2020,0,0,Egypt,eg,EGY,98423595,0,0
2020-01-06,6,1,2020,0,0,France,fr,FRA,66987244,0,0
2020-01-06,6,1,2020,0,0,Nigeria,ng,NGA,195874740,0,0
2020-01-07,7,1,2020,0,0,Algeria,dz,DZA,42228429,0,0
2020-01-07,7,1,2020,0,0,Egypt,eg,EGY,98423595,0,0
2020-01-07,7,1,2020,0,0,France,fr,FRA,66987244,0,0
2020-01-07,7,1,2020,0,0,Nigeria,ng,NGA,195874740,0,0
2020-01-08,8,1,2020,0,0,Algeria,dz,DZA,42228429,0,0
2020-01-08,8,1,2020,0,0,Egypt,eg,EGY,98423595,0,0
2020-01-08,8,1,2020,0,0,France,fr,FRA,66987244,0,0
2020-01-08,8,1,2020,0,0,Nigeria,ng,NGA,195874740,0,0
2020-01-09,9,1,2020,0,0,Algeria,dz,DZA,42228429,0,0
2020-01-09,9,1,2020,0,0,Egypt,eg,EGY,98423595,0,0
2020-01-09,9,1,2020,0,0,France,fr,FRA,66987244,0,0
2020-01-09,9,1,2020,0,0,Nigeria,ng,NGA,195874740,0,0
2020-01-10,10,1,2020,0,0,Algeria,dz,DZA,42228429,0,0
2020-01-10,10,1,2020,0,0,Egypt,eg,EGY,98423595,0,0
2020-01-10,10,1,2020,0,0,France,fr,FRA,66987244,0,0
2020-01-10,10,1,2020,0,0,Nigeria,ng,NGA,195874740,0,0
2020-01-11,11,1,2020,0,0,Algeria,dz,DZA,42228429,0,0
2020-01-11,11,1,2020,0,0,Egypt,eg,EGY,98423595,0,0
2020-01-11,11,1,2020,0,0,France,fr,FRA,66987244,0,0
2020-01-11,11,1,2020,0,0,Nigeria,ng,NGA,195874740,0,0
2020-01-12,12,1,2020,0,0,Algeria,dz,DZA,42228429,0,0
2020-01-12,12,1,2020,0,0,Egypt,eg,EGY,98423595,0,0
2020-01-12,12,1,2020,0,0,France,fr,FRA,66987244,0,0
2020-01-12,12,1,2020,0,0,Nigeria,ng,NGA,195874740,0,0
2020-01-13,13,1,2020,0,0,Algeria,dz,DZA,42228429,0,0
2020-01-13,13,1,2020,0,0,Egypt,eg,EGY,98423595,0,0
2020-01-13,13,1,2020,0,0,France,fr,FRA,66987244,0,0
2020-01-13,13,1,2020,0,0,Nigeria,ng,NGA,195874740,0,0
2020-01-14,14,1,2020,0,0,Algeria,dz,DZA,42228429,0,0
2020-01-14,14,1,2020,0,0,Egypt,eg,EGY,98423595,0,0
2020-01-14,14,1,2020,0,0,France,fr,FRA,66987244,0,0
2020-01-14,14,1,2020,0,0,Nigeria,ng,NGA,195874740,0,0
2020-01-15,15,1,2020,0,0,Algeria,dz,DZA,42228429,0,0
2020-01-15,15,1,2020,0,0,Egypt,eg,EGY,98423595,0,0
2020-01-15,15,1,2020,0,0,France,fr,FRA,66987244,0,0
2020-01-15,15,1,2020,0,0,Nigeria,ng,NGA,195874740,0,0
2020-01-16,16,1,2020,0,0,Algeria,dz,DZA,42228429,0,0
2020-01-16,16,1,2020,0,0,Egypt,eg,EGY,98423595,0,0
2020-01-16,16,1,2020,0,0,France,fr,FRA,66987244,0,0
2020-01-16,16,1,2020,0,0,Nigeria,ng,NGA,195874740,0,0
2020-01-17,17,1,2020,0,0,Algeria,dz,DZA,42228429,0,0
2020-01-17,17,1,2020,0,0,Egypt,eg,EGY,98423595,0,0
2020-01-17,17,1,2020,0,0,France,fr,FRA,66987244,0,0
2020-01-17,17,1,2020,0,0,Nigeria,ng,NGA,195874740,0,0
2020-01-18,18,1,2020,0,0,Algeria,dz,DZA,42228429,0,0
2020-01-18,18,1,2020,0,0,Egypt,eg,EGY,98423595,0,0
2020-01-18,18,1,2020,0,0,France,fr,FRA,66987244,0,0
2020-01-18,18,1,2020,0,0,Nigeria,ng,NGA,195874740,0,0
2020-01-19,19,1,2020,0,0,Algeria,dz,DZA,42228429,0,0
2020-01-19,19,1,2020,0,0,Egypt,eg,EGY,98423595,0,0
2020-01-19,19,1,2020,0,0,France,fr,FRA,66987244,0,0
2020-01-19,19,1,2020,0,0,Nigeria,ng,NGA,195874740,0,0
2020-01-20,20,1,2020,0,0,Algeria,dz,DZA,42228429,0,0
2020-01-20,20,1,2020,0,0,Egypt,eg,EGY,98423595,0,0
2020-01-20,20,1,2020,0,0,France,fr,FRA,66987244,0,0
2020-01-20,20,1,2020,0,0,Nigeria,ng,NGA,195874740,0,0
2020-01-21,21,1,2020,0,0,Algeria,dz,DZA,42228429,0,0
2020-01-21,21,1,2020,0,0,Egypt,eg,EGY,98423595,0,0
2020-01-21,21,1,2020,0,0,France,fr,FRA,66987244,0,0
2020-01-21,21,1,2020,0,0,Nigeria,ng,NGA,195874740,0,0
2020-01-22,22,1,2020,0,0,Algeria,dz,DZA,42228429,0,0
2020-01-22,22,1,2020,0,0,Egypt,eg,EGY,98423595,0,0
2020-01-22,22,1,2020,0,0,France,fr,FRA,66987244,0,0
2020-01-22,22,1,2020,0,0,Nigeria,ng,NGA,195874740,0,0
2020-01-23,23,1,2020,0,0,Algeria,dz,DZA,42228429,0,0
2020-01-23,23,1,2020,0,0,Egypt,eg,EGY,98423595,0,0
2020-01-23,23,1,2020,0,0,France,fr,FRA,66987244,0,0
2020-01-23,23,1,2020,0,0,Nigeria,ng,NGA,195874740,0,0
2020-01-24,24,1,2020,0,0,Algeria,dz,DZA,42228429,0,0
2020-01-24,24,1,2020,0,0,Egypt,eg,EGY,98423595,0,0
2020-01-24,24,1,2020,0,0,France,fr,FRA,66987244,0,0
2020-01-24,24,1,2020,0,0,Nigeria,ng,NGA,195874740,0,0
2020-01-25,25,1,2020,0,0,Algeria,dz,DZA,42228429,0,0
2020-01-25,25,1,2020,0,0,Egypt,eg,EGY,98423595,0,0
2020-01-25,25,1,2020,3,0,France,fr,FRA,66987244,3,0
2020-01-25,25,1,2020,0,0,Nigeria,ng,NGA,195874740,0,0
2020-01-26,26,1,2020,0,0,Algeria,dz,DZA,42228429,0,0
2020-01-26,26,1,2020,0,0,Egypt,eg,EGY,98423595,0,0
2020-01-26,26,1,2020,0,0,France,fr,FRA,66987244,3,0
2020-01-26,26,1,2020,0,0,Nigeria,ng,NGA,195874740,0,0
2020-01-27,27,1,2020,0,0,Algeria,dz,DZA,42228429,0,0
2020-01-27,27,1,2020,0,0,Egypt,eg,EGY,98423595,0,0
2020-01-27,27,1,2020,0,0,France,fr,FRA,66987244,3,0
2020-01-27,27,1,2020,0,0,Nigeria,ng,NGA,195874740,0,0
2020-01-28,28,1,2020,0,0,Algeria,dz,DZA,42228429,0,0
2020-01-28,28,1,2020,0,0,Egypt,eg,EGY,98423595,0,0
2020-01-28,28,1,2020,0,0,France,fr,FRA,66987244,3,0
2020-01-28,28,1,2020,0,0,Nigeria,ng,NGA,195874740,0,0
2020-01-29,29,1,2020,0,0,Algeria,dz,DZA,42228429,0,0
2020-01-29,29,1,2020,0,0,Egypt,eg,EGY,98423595,0,0
2020-01-29,29,1,2020,1,0,France,fr,FRA,66987244,4,0
2020-01-29,29,1,2020,0,0,Nigeria,ng,NGA,195874740,0,0
2020-01-30,30,1,2020,0,0,Algeria,dz,DZA,42228429,0,0
2020-01-30,30,1,2020,0,0,Egypt,eg,EGY,98423595,0,0
2020-01-30,30,1,2020,1,0,France,fr,FRA,66987244,5,0
2020-01-30,30,1,2020,0,0,Nigeria,ng,NGA,195874740,0,0
2020-01-31,31,1,2020,0,0,Algeria,dz,DZA,42228429,0,0
2020-01-31,31,1,2020,0,0,Egypt,eg,EGY,98423595,0,0
2020-01-31,31,1,2020,1,0,France,fr,FRA,66987244,6,0
2020-01-31,31,1,2020,0,0,Nigeria,ng,NGA,195874740,0,0
2020-02-01,1,2,2020,0,0,Algeria,dz,DZA,42228429,0,0
2020-02-01,1,2,2020,0,0,Egypt,eg,EGY,98423595,0,0
2020-02-01,1,2,2020,0,0,France,fr,FRA,66987244,6,0
2020-02-01,1,2,2020,0,0,Nigeria,ng,NGA,195874740,0,0
2020-02-02,2,2,2020,0,0,Algeria,dz,DZA,42228429,0,0
2020-02-02,2,2,2020,0,0,Egypt,eg,EGY,98423595,0,0
2020-02-02,2,2,2020,0,0,France,fr,FRA,66987244,6,0
2020-02-02,2,2,2020,0,0,Nigeria,ng,NGA,195874740,0,0
2020-02-03,3,2,2020,0,0,Algeria,dz,DZA,42228429,0,0
2020-02-03,3,2,2020,0,0,Egypt,eg,EGY,98423595,0,0
2020-02-03,3,2,2020,0,0,France,fr,FRA,66987244,6,0
2020-02-03,3,2,2020,0,0,Nigeria,ng,NGA,195874740,0,0
2020-02-04,4,2,2020,0,0,Algeria,dz,DZA,42228429,0,0
2020-02-04,4,2,2020,0,0,Egypt,eg,EGY,98423595,0,0
2020-02-04,4,2,2020,0,0,France,fr,FRA,66987244,6,0
2020-02-04,4,2,2020,0,0,Nigeria,ng,NGA,195874740,0,0
2020-02-05,5,2,2020,0,0,Algeria,dz,DZA,42228429,0,0
2020-02-05,5,2,2020,0,0,Egypt,eg,EGY,98423595,0,0
2020-02-05,5,2,2020,0,0,France,fr,FRA,66987244,6,0
2020-02-05,5,2,2020,0,0,Nigeria,ng,NGA,195874740,0,0
2020-02-06,6,2,2020,0,0,Algeria,dz,DZA,42228429,0,0
2020-02-06,6,2,2020,0,0,Egypt,eg,EGY,98423595,0,0
2020-02-06,6,2,2020,0,0,France,fr,FRA,66987244,6,0
2020-02-06,6,2,2020,0,0,Nigeria,ng,NGA,195874740,0,0
2020-02-07,7,2,2020,0,0,Algeria,dz,DZA,42228429,0,0
2020-02-07,7,2,2020,0,0,Egypt,eg,EGY,98423595,0,0
2020-02-07,7,2,2020,0,0,France,fr,FRA,66987244,6,0
2020-02-07,7,2,2020,0,0,Nigeria,ng,NGA,195874740,0,0
2020-02-08,8,2,2020,0,0,Algeria,dz,DZA,42228429,0,0
2020-02-08,8,2,2020,0,0,Egypt,eg,EGY,98423595,0,0
2020-02-08,8,2,2020,5,0,France,fr,FRA,66987244,11,0
2020-02-08,8,2,2020,0,0,Nigeria,ng,NGA,195874740,0,0
2020-02-09,9,2,2020,0,0,Algeria,dz,DZA,42228429,0,0
2020-02-09,9,2,2020,0,0,Egypt,eg,EGY,98423595,0,0
2020-02-09,9,2,2020,0,0,France,fr,FRA,66987244,11,0
2020-02-09,9,2,2020,0,0,Nigeria,ng,NGA,195874740,0,0
2020-02-10,10,2,2020,0,0,Algeria,dz,DZA,42228429,0,0
2020-02-10,10,2,2020,0,0,Egypt,eg,EGY,98423595,0,0
2020-02-10,10,2,2020,0,0,France,fr,FRA,66987244,11,0
2020-02-10,10,2,2020,0,0,Nigeria,ng,NGA,195874740,0,0
2020-02-11,11,2,2020,0,0,Algeria,dz,DZA,42228429,0,0
2020-02-11,11,2,2020,0,0,Egypt,eg,EGY,98423595,0,0
2020-02-11,11,2,2020,0,0,France,fr,FRA,66987244,11,0
2020-02-11,11,2,2020,0,0,Nigeria,ng,NGA,195874740,0,0
2020-02-12,12,2,2020,0,0,Algeria,dz,DZA,42228429,0,0
2020-02-12,12,2,2020,0,0,Egypt,eg,EGY,98423595,0,0
2020-02-12,12,2,2020,0,0,France,fr,FRA,66987244,11,0
2020-02-12,12,2,2020,0,0,Nigeria,ng,NGA,195874740,0,0
2020-02-13,13,2,2020,0,0,Algeria,dz,DZA,42228429,0,0
2020-02-13,13,2,2020,0,0,Egypt,eg,EGY,98423595,0,0
2020-02-13,13,2,2020,0,0,France,fr,FRA,66987244,11,0
2020-02-13,13,2,2020,0,0,Nigeria,ng,NGA,195874740,0,0
2020-02-14,14,2,2020,0,0,Algeria,dz,DZA,42228429,0,0
2020-02-14,14,2,2020,0,0,Egypt,eg,EGY,98423595,0,0
2020-02-14,14,2,2020,0,0,France,fr,FRA,66987244,11,0
2020-02-14,14,2,2020,0,0,Nigeria,ng,NGA,195874740,0,0
2020-02-15,15,2,2020,0,0,Algeria,dz,DZA,42228429,0,0
2020-02-15,15,2,2020,1,0,Egypt,eg,EGY,98423595,1,0
2020-02-15,15,2,2020,0,1,France,fr,FRA,66987244,11,1
2020-02-15,15,2,2020,0,0,Nigeria,ng,NGA,195874740,0,0
2020-02-16,16,2,2020,0,0,Algeria,dz,DZA,42228429,0,0
2020-02-16,16,2,2020,0,0,Egypt,eg,EGY,98423595,1,0
2020-02-16,16,2,2020,0,0,France,fr,FRA,66987244,11,1
2020-02-16,16,2,2020,0,0,Nigeria,ng,NGA,195874740,0,0
2020-02-17,17,2,2020,0,0,Algeria,dz,DZA,42228429,0,0
2020-02-17,17,2,2020,0,0,Egypt,eg,EGY,98423595,1,0
2020-02-17,17,2,2020,1,0,France,fr,FRA,66987244,12,1
2020-02-17,17,2,2020,0,0,Nigeria,ng,NGA,195874740,0,0
2020-02-18,18,2,2020,0,0,Algeria,dz,DZA,42228429,0,0
2020-02-18,18,2,2020,0,0,Egypt,eg,EGY,98423595,1,0
2020-02-18,18,2,2020,0,0,France,fr,FRA,66987244,12,1
2020-02-18,18,2,2020,0,0,Nigeria,ng,NGA,195874740,0,0
2020-02-19,19,2,2020,0,0,Algeria,dz,DZA,42228429,0,0
2020-02-19,19,2,2020,0,0,Egypt,eg,EGY,98423595,1,0
2020-02-19,19,2,2020,0,0,France,fr,FRA,66987244,12,1
2020-02-19,19,2,2020,0,0,Nigeria,ng,NGA,195874740,0,0
2020-02-20,20,2,2020,0,0,Algeria,dz,DZA,42228429,0,0
2020-02-20,20,2,2020,0,0,Egypt,eg,EGY,98423595,1,0
2020-02-20,20,2,2020,0,0,France,fr,FRA,66987244,12,1
2020-02-20,20,2,2020,0,0,Nigeria,ng,NGA,195874740,0,0
2020-02-21,21,2,2020,0,0,Algeria,dz,DZA,42228429,0,0
2020-02-21,21,2,2020,0,0,Egypt,eg,EGY,98423595,1,0
2020-02-21,21,2,2020,0,0,France,fr,FRA,66987244,12,1
2020-02-21,21,2,2020,0,0,Nigeria,ng,NGA,195874740,0,0
2020-02-22,22,2,2020,0,0,Algeria,dz,DZA,42228429,0,0
2020-02-22,22,2,2020,0,0,Egypt,eg,EGY,98423595,1,0
2020-02-22,22,2,2020,0,0,France,fr,FRA,66987244,12,1
2020-02-22,22,2,2020,0,0,Nigeria,ng,NGA,195874740,0,0
2020-02-23,23,2,2020,0,0,Algeria,dz,DZA,42228429,0,0
2020-02-23,23,2,2020,0,0,Egypt,eg,EGY,98423595,1,0
2020-02-23,23,2,2020,0,0,France,fr,FRA,66987244,12,1
2020-02-23,23,2,2020,0,0,Nigeria,ng,NGA,195874740,0,0
2020-02-24,24,2,2020,0,0,Algeria,dz,DZA,42228429,0,0
2020-02-24,24,2,2020,0,0,Egypt,eg,EGY,98423595,1,0
2020-02-24,24,2,2020,0,0,France,fr,FRA,66987244,12,1
2020-02-24,24,2,2020,0,0,Nigeria,ng,NGA,195874740,0,0
2020-02-25,25,2,2020,0,0,Algeria,dz,DZA,42228429,0,0
2020-02-25,25,2,2020,0,0,Egypt,eg,EGY,98423595,1,0
2020-02-25,25,2,2020,0,0,France,fr,FRA,66987244,12,1
2020-02-25,25,2,2020,0,0,Nigeria,ng,NGA,195874740,0,0
2020-02-26,26,2,2020,1,0,Algeria,dz,DZA,42228429,1,0
2020-02-26,26,2,2020,0,0,Egypt,eg,EGY,98423595,1,0
2020-02-26,26,2,2020,2,0,France,fr,FRA,66987244,14,1
2020-02-26,26,2,2020,0,0,Nigeria,ng,NGA,195874740,0,0
2020-02-27,27,2,2020,0,0,Algeria,dz,DZA,42228429,1,0
2020-02-27,27,2,2020,0,0,Egypt,eg,EGY,98423595,1,0
2020-02-27,27,2,2020,3,1,France,fr,FRA,66987244,17,2
2020-02-27,27,2,2020,0,0,Nigeria,ng,NGA,195874740,0,0
2020-02-28,28,2,2020,0,0,Algeria,dz,DZA,42228429,1,0
2020-02-28,28,2,2020,0,0,Egypt,eg,EGY,98423595,1,0
2020-02-28,28,2,2020,21,0,France,fr,FRA,66987244,38,2
2020-02-28,28,2,2020,1,0,Nigeria,ng,NGA,195874740,1,0
2020-02-29,29,2,2020,0,0,Algeria,dz,DZA,42228429,1,0
2020-02-29,29,2,2020,0,0,Egypt,eg,EGY,98423595,1,0
2020-02-29,29,2,2020,19,0,France,fr,FRA,66987244,57,2
2020-02-29,29,2,2020,0,0,Nigeria,ng,NGA,195874740,1,0
2020-03-01,1,3,2020,0,0,Algeria,dz,DZA,42228429,1,0
2020-03-01,1,3,2020,0,0,Egypt,eg,EGY,98423595,1,0
2020-03-01,1,3,2020,43,0,France,fr,FRA,66987244,100,2
2020-03-01,1,3,2020,0,0,Nigeria,ng,NGA,195874740,1,0
2020-03-02,2,3,2020,2,0,Algeria,dz,DZA,42228429,3,0
2020-03-02,2,3,2020,1,0,Egypt,eg,EGY,98423595,2,0
2020-03-02,2,3,2020,30,0,France,fr,FRA,66987244,130,2
2020-03-02,2,3,2020,0,0,Nigeria,ng,NGA,195874740,1,0
2020-03-03,3,3,2020,48,1,France,fr,FRA,66987244,178,3
2020-03-03,3,3,2020,1,0,Morocco,ma,MAR,36029138,1,0
2020-03-03,3,3,2020,1,0,Senegal,sn,SEN,15854360,1,0
2020-03-03,3,3,2020,1,0,Tunisia,tn,TUN,11565204,1,0
2020-03-04,4,3,2020,2,0,Algeria,dz,DZA,42228429,5,0
2020-03-04,4,3,2020,34,1,France,fr,FRA,66987244,212,4
2020-03-05,5,3,2020,7,0,Algeria,dz,DZA,42228429,12,0
2020-03-05,5,3,2020,73,0,France,fr,FRA,66987244,285,4
2020-03-05,5,3,2020,2,0,Senegal,sn,SEN,15854360,3,0
2020-03-06,6,3,2020,5,0,Algeria,dz,DZA,42228429,17,0
2020-03-06,6,3,2020,1,0,Egypt,eg,EGY,98423595,3,0
2020-03-06,6,3,2020,138,3,France,fr,FRA,66987244,423,7
2020-03-06,6,3,2020,1,0,Morocco,ma,MAR,36029138,2,0
2020-03-06,6,3,2020,1,0,Senegal,sn,SEN,15854360,4,0
2020-03-06,6,3,2020,1,0,South_Africa,za,ZAF,57779622,1,0
2020-03-07,7,3,2020,1,0,Cameroon,cm,CMR,25216237,1,0
2020-03-07,7,3,2020,12,0,Egypt,eg,EGY,98423595,15,0
2020-03-07,7,3,2020,190,2,France,fr,FRA,66987244,613,9
2020-03-07,7,3,2020,1,0,Togo,tg,TGO,7889094,1,0
2020-03-08,8,3,2020,103,1,France,fr,FRA,66987244,716,10
2020-03-08,8,3,2020,1,0,South_Africa,za,ZAF,57779622,2,0
2020-03-09,9,3,2020,3,0,Algeria,dz,DZA,42228429,20,0
2020-03-09,9,3,2020,1,0,Cameroon,cm,CMR,25216237,2,0
2020-03-09,9,3,2020,34,1,Egypt,eg,EGY,98423595,49,1
2020-03-09,9,3,2020,410,9,France,fr,FRA,66987244,1126,19
2020-03-09,9,3,2020,1,0,South_Africa,za,ZAF,57779622,3,0
2020-03-10,10,3,2020,6,0,Egypt,eg,EGY,98423595,55,1
2020-03-10,10,3,2020,286,11,France,fr,FRA,66987244,1412,30
2020-03-10,10,3,2020,1,0,Nigeria,ng,NGA,195874740,2,0
2020-03-10,10,3,2020,4,0,South_Africa,za,ZAF,57779622,7,0
2020-03-10,10,3,2020,1,0,Tunisia,tn,TUN,11565204,2,0
2020-03-11,11,3,2020,2,0,Burkina_Faso,bf,BFA,19751535,2,0
2020-03-11,11,3,2020,1,0,Democratic_Republic_of_the_Congo,cd,COD,84068091,1,0
2020-03-11,11,3,2020,4,0,Egypt,eg,EGY,98423595,59,1
2020-03-11,11,3,2020,372,3,France,fr,FRA,66987244,1784,33
2020-03-11,11,3,2020,3,0,Tunisia,tn,TUN,11565204,5,0
2020-03-12,12,3,2020,0,0,Algeria,dz,DZA,42228429,20,0
2020-03-12,12,3,2020,0,0,Burkina_Faso,bf,BFA,19751535,2,0
2020-03-12,12,3,2020,1,0,Cote_dIvoire,ci,CIV,25069229,1,0
2020-03-12,12,3,2020,1,0,Egypt,eg,EGY,98423595,60,1
2020-03-12,12,3,2020,497,15,France,fr,FRA,66987244,2281,48
2020-03-12,12,3,2020,3,1,Morocco,ma,MAR,36029138,5,1
2020-03-12,12,3,2020,6,0,South_Africa,za,ZAF,57779622,13,0
2020-03-12,12,3,2020,2,0,Tunisia,tn,TUN,11565204,7,0
2020-03-13,13,3,2020,4,1,Algeria,dz,DZA,42228429,24,1
2020-03-13,13,3,2020,20,1,Egypt,eg,EGY,98423595,80,2
2020-03-13,13,3,2020,595,13,France,fr,FRA,66987244,2876,61
2020-03-13,13,3,2020,1,0,Gabon,ga,GAB,2119275,1,0
2020-03-13,13,3,2020,2,0,Ghana,gh,GHA,29767108,2,0
2020-03-13,13,3,2020,1,0,Morocco,ma,MAR,36029138,6,1
2020-03-13,13,3,2020,2,0,Senegal,sn,SEN,15854360,6,0
2020-03-13,13,3,2020,4,0,South_Africa,za,ZAF,57779622,17,0
2020-03-13,13,3,2020,6,0,Tunisia,tn,TUN,11565204,13,0
2020-03-14,14,3,2020,2,1,Algeria,dz,DZA,42228429,26,2
2020-03-14,14,3,2020,1,0,Democratic_Republic_of_the_Congo,cd,COD,84068091,2,0
2020-03-14,14,3,2020,13,0,Egypt,eg,EGY,98423595,93,2
2020-03-14,14,3,2020,1,0,Ethiopia,et,ETH,109224559,1,0
2020-03-14,14,3,2020,785,18,France,fr,FRA,66987244,3661,79
2020-03-14,14,3,2020,1,0,Guinea,gn,GIN,12414318,1,0
2020-03-14,14,3,2020,1,0,Kenya,ke,KEN,51393010,1,0
2020-03-14,14,3,2020,1,0,Morocco,ma,MAR,36029138,7,1
2020-03-14,14,3,2020,13,0,Senegal,sn,SEN,15854360,19,0
2020-03-14,14,3,2020,7,0,South_Africa,za,ZAF,57779622,24,0
2020-03-14,14,3,2020,1,0,Sudan,sd,SDN,41801533,1,0
2020-03-14,14,3,2020,3,0,Tunisia,tn,TUN,11565204,16,0
2020-03-15,15,3,2020,11,0,Algeria,dz,DZA,42228429,37,2
2020-03-15,15,3,2020,1,0,Burkina_Faso,bf,BFA,19751535,3,0
2020-03-15,15,3,2020,1,0,Cameroon,cm,CMR,25216237,3,0
2020-03-15,15,3,2020,3,0,Cote_dIvoire,ci,CIV,25069229,4,0
2020-03-15,15,3,2020,0,0,Democratic_Republic_of_the_Congo,cd,COD,84068091,2,0
2020-03-15,15,3,2020,0,0,Egypt,eg,EGY,98423595,93,2
2020-03-15,15,3,2020,1,0,Equatorial_Guinea,gq,GNQ,1308974,1,0
2020-03-15,15,3,2020,1,0,Eswatini,sz,SWZ,1367000,1,0
2020-03-15,15,3,2020,0,0,Ethiopia,et,ETH,109224559,1,0
2020-03-15,15,3,2020,838,12,France,fr,FRA,66987244,4499,91
2020-03-15,15,3,2020,0,0,Gabon,ga,GAB,2119275,1,0
2020-03-15,15,3,2020,0,0,Ghana,gh,GHA,29767108,2,0
2020-03-15,15,3,2020,0,0,Guinea,gn,GIN,12414318,1,0
2020-03-15,15,3,2020,0,0,Kenya,ke,KEN,51393010,1,0
2020-03-15,15,3,2020,1,0,Mauritania,mr,MRT,4403319,1,0
2020-03-15,15,3,2020,11,0,Morocco,ma,MAR,36029138,18,1
2020-03-15,15,3,2020,2,0,Namibia,NA,NAM,2448255,2,0
2020-03-15,15,3,2020,0,0,Nigeria,ng,NGA,195874740,2,0
2020-03-15,15,3,2020,1,0,Rwanda,rw,RWA,12301939,1,0
2020-03-15,15,3,2020,2,0,Senegal,sn,SEN,15854360,21,0
2020-03-15,15,3,2020,2,0,Seychelles,sc,SYC,96762,2,0
2020-03-15,15,3,2020,0,0,South_Africa,za,ZAF,57779622,24,0
2020-03-15,15,3,2020,0,1,Sudan,sd,SDN,41801533,1,1
2020-03-15,15,3,2020,0,0,Togo,tg,TGO,7889094,1,0
2020-03-15,15,3,2020,0,0,Tunisia,tn,TUN,11565204,16,0
2020-03-16,16,3,2020,11,2,Algeria,dz,DZA,42228429,48,4
2020-03-16,16,3,2020,0,0,Burkina_Faso,bf,BFA,19751535,3,0
2020-03-16,16,3,2020,1,0,Cameroon,cm,CMR,25216237,4,0
2020-03-16,16,3,2020,1,0,Central_African_Republic,cf,CAF,4666377,1,0
2020-03-16,16,3,2020,1,0,Congo,cg,COG,5244363,1,0
2020-03-16,16,3,2020,0,0,Cote_dIvoire,ci,CIV,25069229,4,0
2020-03-16,16,3,2020,0,0,Democratic_Republic_of_the_Congo,cd,COD,84068091,2,0
2020-03-16,16,3,2020,17,0,Egypt,eg,EGY,98423595,110,2
2020-03-16,16,3,2020,0,0,Equatorial_Guinea,gq,GNQ,1308974,1,0
2020-03-16,16,3,2020,0,0,Eswatini,sz,SWZ,1367000,1,0
2020-03-16,16,3,2020,3,0,Ethiopia,et,ETH,109224559,4,0
2020-03-16,16,3,2020,924,36,France,fr,FRA,66987244,5423,127
2020-03-16,16,3,2020,0,0,Gabon,ga,GAB,2119275,1,0
2020-03-16,16,3,2020,0,0,Ghana,gh,GHA,29767108,2,0
2020-03-16,16,3,2020,2,0,Kenya,ke,KEN,51393010,3,0
2020-03-16,16,3,2020,0,0,Mauritania,mr,MRT,4403319,1,0
2020-03-16,16,3,2020,10,0,Morocco,ma,MAR,36029138,28,1
2020-03-16,16,3,2020,0,0,Namibia,NA,NAM,2448255,2,0
2020-03-16,16,3,2020,0,0,Nigeria,ng,NGA,195874740,2,0
2020-03-16,16,3,2020,4,0,Rwanda,rw,RWA,12301939,5,0
2020-03-16,16,3,2020,5,0,Senegal,sn,SEN,15854360,26,0
2020-03-16,16,3,2020,1,0,Seychelles,sc,SYC,96762,3,0
2020-03-16,16,3,2020,27,0,South_Africa,za,ZAF,57779622,51,0
2020-03-16,16,3,2020,0,0,Sudan,sd,SDN,41801533,1,1
2020-03-16,16,3,2020,0,0,Togo,tg,TGO,7889094,1,0
2020-03-16,16,3,2020,2,0,Tunisia,tn,TUN,11565204,18,0
2020-03-17,17,3,2020,12,0,Algeria,dz,DZA,42228429,60,4
2020-03-17,17,3,2020,1,0,Benin,bj,BEN,11485048,1,0
2020-03-17,17,3,2020,17,0,Burkina_Faso,bf,BFA,19751535,20,0
2020-03-17,17,3,2020,0,0,Cameroon,cm,CMR,25216237,4,0
2020-03-17,17,3,2020,0,0,Central_African_Republic,cf,CAF,4666377,1,0
2020-03-17,17,3,2020,0,0,Congo,cg,COG,5244363,1,0
2020-03-17,17,3,2020,1,0,Cote_dIvoire,ci,CIV,25069229,5,0
2020-03-17,17,3,2020,1,0,Democratic_Republic_of_the_Congo,cd,COD,84068091,3,0
2020-03-17,17,3,2020,16,0,Egypt,eg,EGY,98423595,126,2
2020-03-17,17,3,2020,0,0,Equatorial_Guinea,gq,GNQ,1308974,1,0
2020-03-17,17,3,2020,0,0,Eswatini,sz,SWZ,1367000,1,0
2020-03-17,17,3,2020,1,0,Ethiopia,et,ETH,109224559,5,0
2020-03-17,17,3,2020,1210,21,France,fr,FRA,66987244,6633,148
2020-03-17,17,3,2020,0,0,Gabon,ga,GAB,2119275,1,0
2020-03-17,17,3,2020,4,0,Ghana,gh,GHA,29767108,6,0
2020-03-17,17,3,2020,0,0,Guinea,gn,GIN,12414318,1,0
2020-03-17,17,3,2020,0,0,Kenya,ke,KEN,51393010,3,0
2020-03-17,17,3,2020,1,0,Liberia,lr,LBR,4818977,1,0
2020-03-17,17,3,2020,0,0,Mauritania,mr,MRT,4403319,1,0
2020-03-17,17,3,2020,9,0,Morocco,ma,MAR,36029138,37,1
2020-03-17,17,3,2020,0,0,Namibia,NA,NAM,2448255,2,0
2020-03-17,17,3,2020,0,0,Nigeria,ng,NGA,195874740,2,0
2020-03-17,17,3,2020,0,0,Rwanda,rw,RWA,12301939,5,0
2020-03-17,17,3,2020,1,0,Senegal,sn,SEN,15854360,27,0
2020-03-17,17,3,2020,1,0,Seychelles,sc,SYC,96762,4,0
2020-03-17,17,3,2020,1,0,Somalia,so,SOM,15008154,1,0
2020-03-17,17,3,2020,11,0,South_Africa,za,ZAF,57779622,62,0
2020-03-17,17,3,2020,0,0,Sudan,sd,SDN,41801533,1,1
2020-03-17,17,3,2020,0,0,Togo,tg,TGO,7889094,1,0
2020-03-17,17,3,2020,2,0,Tunisia,tn,TUN,11565204,20,0
2020-03-17,17,3,2020,1,0,United_Republic_of_Tanzania,tz,TZA,56318348,1,0
2020-03-18,18,3,2020,0,1,Algeria,dz,DZA,42228429,60,5
2020-03-18,18,3,2020,0,0,Benin,bj,BEN,11485048,1,0
2020-03-18,18,3,2020,0,0,Burkina_Faso,bf,BFA,19751535,20,0
2020-03-18,18,3,2020,6,0,Cameroon,cm,CMR,25216237,10,0
2020-03-18,18,3,2020,0,0,Central_African_Republic,cf,CAF,4666377,1,0
2020-03-18,18,3,2020,0,0,Congo,cg,COG,5244363,1,0
2020-03-18,18,3,2020,0,0,Cote_dIvoire,ci,CIV,25069229,5,0
2020-03-18,18,3,2020,0,0,Democratic_Republic_of_the_Congo,cd,COD,84068091,3,0
2020-03-18,18,3,2020,40,2,Egypt,eg,EGY,98423595,166,4
2020-03-18,18,3,2020,0,0,Equatorial_Guinea,gq,GNQ,1308974,1,0
2020-03-18,18,3,2020,0,0,Eswatini,sz,SWZ,1367000,1,0
2020-03-18,18,3,2020,0,0,Ethiopia,et,ETH,109224559,5,0
2020-03-18,18,3,2020,1097,27,France,fr,FRA,66987244,7730,175
2020-03-18,18,3,2020,0,0,Gabon,ga,GAB,2119275,1,0
2020-03-18,18,3,2020,1,0,Gambia,gm,GMB,2280102,1,0
2020-03-18,18,3,2020,0,0,Ghana,gh,GHA,29767108,6,0
2020-03-18,18,3,2020,0,0,Guinea,gn,GIN,12414318,1,0
2020-03-18,18,3,2020,1,0,Kenya,ke,KEN,51393010,4,0
2020-03-18,18,3,2020,1,0,Liberia,lr,LBR,4818977,2,0
2020-03-18,18,3,2020,0,0,Mauritania,mr,MRT,4403319,1,0
2020-03-18,18,3,2020,7,1,Morocco,ma,MAR,36029138,44,2
2020-03-18,18,3,2020,0,0,Namibia,NA,NAM,2448255,2,0
2020-03-18,18,3,2020,1,0,Nigeria,ng,NGA,195874740,3,0
2020-03-18,18,3,2020,2,0,Rwanda,rw,RWA,12301939,7,0
2020-03-18,18,3,2020,4,0,Senegal,sn,SEN,15854360,31,0
2020-03-18,18,3,2020,0,0,Seychelles,sc,SYC,96762,4,0
2020-03-18,18,3,2020,0,0,Somalia,so,SOM,15008154,1,0
2020-03-18,18,3,2020,23,0,South_Africa,za,ZAF,57779622,85,0
2020-03-18,18,3,2020,0,0,Sudan,sd,SDN,41801533,1,1
2020-03-18,18,3,2020,0,0,Togo,tg,TGO,7889094,1,0
2020-03-18,18,3,2020,4,0,Tunisia,tn,TUN,11565204,24,0
2020-03-18,18,3,2020,0,0,United_Republic_of_Tanzania,tz,TZA,56318348,1,0
2020-03-19,19,3,2020,13,1,Algeria,dz,DZA,42228429,73,6
2020-03-19,19,3,2020,0,0,Benin,bj,BEN,11485048,1,0
2020-03-19,19,3,2020,6,1,Burkina_Faso,bf,BFA,19751535,26,1
2020-03-19,19,3,2020,0,0,Cameroon,cm,CMR,25216237,10,0
2020-03-19,19,3,2020,0,0,Central_African_Republic,cf,CAF,4666377,1,0
2020-03-19,19,3,2020,2,0,Congo,cg,COG,5244363,3,0
2020-03-19,19,3,2020,1,0,Cote_dIvoire,ci,CIV,25069229,6,0
2020-03-19,19,3,2020,11,0,Democratic_Republic_of_the_Congo,cd,COD,84068091,14,0
2020-03-19,19,3,2020,1,0,Djibouti,dj,DJI,958920,1,0
2020-03-19,19,3,2020,30,2,Egypt,eg,EGY,98423595,196,6
2020-03-19,19,3,2020,2,0,Equatorial_Guinea,gq,GNQ,1308974,3,0
2020-03-19,19,3,2020,0,0,Eswatini,sz,SWZ,1367000,1,0
2020-03-19,19,3,2020,1,0,Ethiopia,et,ETH,109224559,6,0
2020-03-19,19,3,2020,1404,69,France,fr,FRA,66987244,9134,244
2020-03-19,19,3,2020,2,0,Gabon,ga,GAB,2119275,3,0
2020-03-19,19,3,2020,0,0,Gambia,gm,GMB,2280102,1,0
2020-03-19,19,3,2020,1,0,Ghana,gh,GHA,29767108,7,0
2020-03-19,19,3,2020,0,0,Guinea,gn,GIN,12414318,1,0
2020-03-19,19,3,2020,3,0,Kenya,ke,KEN,51393010,7,0
2020-03-19,19,3,2020,0,0,Liberia,lr,LBR,4818977,2,0
2020-03-19,19,3,2020,0,0,Mauritania,mr,MRT,4403319,1,0
2020-03-19,19,3,2020,10,0,Morocco,ma,MAR,36029138,54,2
2020-03-19,19,3,2020,0,0,Namibia,NA,NAM,2448255,2,0
2020-03-19,19,3,2020,5,0,Nigeria,ng,NGA,195874740,8,0
2020-03-19,19,3,2020,4,0,Rwanda,rw,RWA,12301939,11,0
2020-03-19,19,3,2020,5,0,Senegal,sn,SEN,15854360,36,0
2020-03-19,19,3,2020,2,0,Seychelles,sc,SYC,96762,6,0
2020-03-19,19,3,2020,0,0,Somalia,so,SOM,15008154,1,0
2020-03-19,19,3,2020,31,0,South_Africa,za,ZAF,57779622,116,0
2020-03-19,19,3,2020,1,0,Sudan,sd,SDN,41801533,2,1
2020-03-19,19,3,2020,0,0,Togo,tg,TGO,7889094,1,0
2020-03-19,19,3,2020,5,0,Tunisia,tn,TUN,11565204,29,0
2020-03-19,19,3,2020,2,0,United_Republic_of_Tanzania,tz,TZA,56318348,3,0
2020-03-19,19,3,2020,2,0,Zambia,zm,ZMB,17351822,2,0
2020-03-20,20,3,2020,9,1,Algeria,dz,DZA,42228429,82,7
2020-03-20,20,3,2020,1,0,Benin,bj,BEN,11485048,2,0
2020-03-20,20,3,2020,7,0,Burkina_Faso,bf,BFA,19751535,33,1
2020-03-20,20,3,2020,4,0,Cameroon,cm,CMR,25216237,14,0
2020-03-20,20,3,2020,0,0,Central_African_Republic,cf,CAF,4666377,1,0
2020-03-20,20,3,2020,1,0,Chad,td,TCD,15477751,1,0
2020-03-20,20,3,2020,0,0,Congo,cg,COG,5244363,3,0
2020-03-20,20,3,2020,3,0,Cote_dIvoire,ci,CIV,25069229,9,0
2020-03-20,20,3,2020,0,0,Democratic_Republic_of_the_Congo,cd,COD,84068091,14,0
2020-03-20,20,3,2020,0,0,Djibouti,dj,DJI,958920,1,0
2020-03-20,20,3,2020,14,0,Egypt,eg,EGY,98423595,210,6
2020-03-20,20,3,2020,1,0,Equatorial_Guinea,gq,GNQ,1308974,4,0
2020-03-20,20,3,2020,0,0,Eswatini,sz,SWZ,1367000,1,0
2020-03-20,20,3,2020,1,0,Ethiopia,et,ETH,109224559,7,0
2020-03-20,20,3,2020,1861,128,France,fr,FRA,66987244,10995,372
2020-03-20,20,3,2020,0,0,Gabon,ga,GAB,2119275,3,0
2020-03-20,20,3,2020,0,0,Gambia,gm,GMB,2280102,1,0
2020-03-20,20,3,2020,4,0,Ghana,gh,GHA,29767108,11,0
2020-03-20,20,3,2020,0,0,Guinea,gn,GIN,12414318,1,0
2020-03-20,20,3,2020,0,0,Kenya,ke,KEN,51393010,7,0
2020-03-20,20,3,2020,0,0,Liberia,lr,LBR,4818977,2,0
2020-03-20,20,3,2020,1,0,Mauritania,mr,MRT,4403319,2,0
2020-03-20,20,3,2020,3,0,Mauritius,mu,MUS,1265303,3,0
2020-03-20,20,3,2020,9,0,Morocco,ma,MAR,36029138,63,2
2020-03-20,20,3,2020,0,0,Namibia,NA,NAM,2448255,2,0
2020-03-20,20,3,2020,0,0,Nigeria,ng,NGA,195874740,8,0
2020-03-20,20,3,2020,0,0,Rwanda,rw,RWA,12301939,11,0
2020-03-20,20,3,2020,0,0,Senegal,sn,SEN,15854360,36,0
2020-03-20,20,3,2020,0,0,Seychelles,sc,SYC,96762,6,0
2020-03-20,20,3,2020,0,0,Somalia,so,SOM,15008154,1,0
2020-03-20,20,3,2020,34,0,South_Africa,za,ZAF,57779622,150,0
2020-03-20,20,3,2020,0,0,Sudan,sd,SDN,41801533,2,1
2020-03-20,20,3,2020,0,0,Togo,tg,TGO,7889094,1,0
2020-03-20,20,3,2020,10,0,Tunisia,tn,TUN,11565204,39,0
2020-03-20,20,3,2020,0,0,United_Republic_of_Tanzania,tz,TZA,56318348,3,0
2020-03-20,20,3,2020,0,0,Zambia,zm,ZMB,17351822,2,0
2020-03-21,21,3,2020,12,3,Algeria,dz,DZA,42228429,94,10
2020-03-21,21,3,2020,0,0,Benin,bj,BEN,11485048,2,0
2020-03-21,21,3,2020,7,0,Burkina_Faso,bf,BFA,19751535,40,1
2020-03-21,21,3,2020,13,0,Cameroon,cm,CMR,25216237,27,0
2020-03-21,21,3,2020,2,0,Cape_Verde,cv,CPV,543767,2,0
2020-03-21,21,3,2020,0,0,Central_African_Republic,cf,CAF,4666377,1,0
2020-03-21,21,3,2020,0,0,Chad,td,TCD,15477751,1,0
2020-03-21,21,3,2020,0,0,Congo,cg,COG,5244363,3,0
2020-03-21,21,3,2020,5,0,Cote_dIvoire,ci,CIV,25069229,14,0
2020-03-21,21,3,2020,0,0,Democratic_Republic_of_the_Congo,cd,COD,84068091,14,0
2020-03-21,21,3,2020,0,0,Djibouti,dj,DJI,958920,1,0
2020-03-21,21,3,2020,46,1,Egypt,eg,EGY,98423595,256,7
2020-03-21,21,3,2020,0,0,Equatorial_Guinea,gq,GNQ,1308974,4,0
2020-03-21,21,3,2020,0,0,Eswatini,sz,SWZ,1367000,1,0
2020-03-21,21,3,2020,2,0,Ethiopia,et,ETH,109224559,9,0
2020-03-21,21,3,2020,1617,78,France,fr,FRA,66987244,12612,450
2020-03-21,21,3,2020,0,1,Gabon,ga,GAB,2119275,3,1
2020-03-21,21,3,2020,0,0,Gambia,gm,GMB,2280102,1,0
2020-03-21,21,3,2020,5,0,Ghana,gh,GHA,29767108,16,0
2020-03-21,21,3,2020,1,0,Guinea,gn,GIN,12414318,2,0
2020-03-21,21,3,2020,0,0,Kenya,ke,KEN,51393010,7,0
2020-03-21,21,3,2020,0,0,Liberia,lr,LBR,4818977,2,0
2020-03-21,21,3,2020,3,0,Madagascar,mg,MDG,26262368,3,0
2020-03-21,21,3,2020,0,0,Mauritania,mr,MRT,4403319,2,0
2020-03-21,21,3,2020,9,0,Mauritius,mu,MUS,1265303,12,0
2020-03-21,21,3,2020,23,1,Morocco,ma,MAR,36029138,86,3
2020-03-21,21,3,2020,1,0,Namibia,NA,NAM,2448255,3,0
2020-03-21,21,3,2020,1,0,Niger,ne,NER,22442948,1,0
2020-03-21,21,3,2020,4,0,Nigeria,ng,NGA,195874740,12,0
2020-03-21,21,3,2020,6,0,Rwanda,rw,RWA,12301939,17,0
2020-03-21,21,3,2020,11,0,Senegal,sn,SEN,15854360,47,0
2020-03-21,21,3,2020,1,0,Seychelles,sc,SYC,96762,7,0
2020-03-21,21,3,2020,0,0,Somalia,so,SOM,15008154,1,0
2020-03-21,21,3,2020,55,0,South_Africa,za,ZAF,57779622,205,0
2020-03-21,21,3,2020,0,0,Sudan,sd,SDN,41801533,2,1
2020-03-21,21,3,2020,8,0,Togo,tg,TGO,7889094,9,0
2020-03-21,21,3,2020,15,1,Tunisia,tn,TUN,11565204,54,1
2020-03-21,21,3,2020,0,0,United_Republic_of_Tanzania,tz,TZA,56318348,3,0
2020-03-21,21,3,2020,0,0,Zambia,zm,ZMB,17351822,2,0
2020-03-21,21,3,2020,1,0,Zimbabwe,zw,ZWE,14439018,1,0
2020-03-22,22,3,2020,0,0,Algeria,dz,DZA,42228429,94,10
2020-03-22,22,3,2020,2,0,Angola,ao,AGO,30809762,2,0
2020-03-22,22,3,2020,0,0,Benin,bj,BEN,11485048,2,0
2020-03-22,22,3,2020,24,2,Burkina_Faso,bf,BFA,19751535,64,3
2020-03-22,22,3,2020,0,0,Cameroon,cm,CMR,25216237,27,0
2020-03-22,22,3,2020,1,0,Cape_Verde,cv,CPV,543767,3,0
2020-03-22,22,3,2020,2,0,Central_African_Republic,cf,CAF,4666377,3,0
2020-03-22,22,3,2020,1,0,Chad,td,TCD,15477751,2,0
2020-03-22,22,3,2020,1,0,Congo,cg,COG,5244363,4,0
2020-03-22,22,3,2020,3,0,Cote_dIvoire,ci,CIV,25069229,17,0
2020-03-22,22,3,2020,9,1,Democratic_Republic_of_the_Congo,cd,COD,84068091,23,1
2020-03-22,22,3,2020,0,0,Djibouti,dj,DJI,958920,1,0
2020-03-22,22,3,2020,29,1,Egypt,eg,EGY,98423595,285,8
2020-03-22,22,3,2020,2,0,Equatorial_Guinea,gq,GNQ,1308974,6,0
2020-03-22,22,3,2020,1,0,Eritrea,er,ERI,NA,1,0
2020-03-22,22,3,2020,0,0,Eswatini,sz,SWZ,1367000,1,0
2020-03-22,22,3,2020,0,0,Ethiopia,et,ETH,109224559,9,0
2020-03-22,22,3,2020,1847,112,France,fr,FRA,66987244,14459,562
2020-03-22,22,3,2020,0,0,Gabon,ga,GAB,2119275,3,1
2020-03-22,22,3,2020,0,0,Gambia,gm,GMB,2280102,1,0
2020-03-22,22,3,2020,5,1,Ghana,gh,GHA,29767108,21,1
2020-03-22,22,3,2020,0,0,Guinea,gn,GIN,12414318,2,0
2020-03-22,22,3,2020,0,0,Kenya,ke,KEN,51393010,7,0
2020-03-22,22,3,2020,1,0,Liberia,lr,LBR,4818977,3,0
2020-03-22,22,3,2020,0,0,Madagascar,mg,MDG,26262368,3,0
2020-03-22,22,3,2020,0,0,Mauritania,mr,MRT,4403319,2,0
2020-03-22,22,3,2020,2,1,Mauritius,mu,MUS,1265303,14,1
2020-03-22,22,3,2020,10,0,Morocco,ma,MAR,36029138,96,3
2020-03-22,22,3,2020,0,0,Namibia,NA,NAM,2448255,3,0
2020-03-22,22,3,2020,0,0,Niger,ne,NER,22442948,1,0
2020-03-22,22,3,2020,10,0,Nigeria,ng,NGA,195874740,22,0
2020-03-22,22,3,2020,0,0,Rwanda,rw,RWA,12301939,17,0
2020-03-22,22,3,2020,9,0,Senegal,sn,SEN,15854360,56,0
2020-03-22,22,3,2020,0,0,Seychelles,sc,SYC,96762,7,0
2020-03-22,22,3,2020,0,0,Somalia,so,SOM,15008154,1,0
2020-03-22,22,3,2020,35,0,South_Africa,za,ZAF,57779622,240,0
2020-03-22,22,3,2020,0,0,Sudan,sd,SDN,41801533,2,1
2020-03-22,22,3,2020,6,0,Togo,tg,TGO,7889094,15,0
2020-03-22,22,3,2020,6,0,Tunisia,tn,TUN,11565204,60,1
2020-03-22,22,3,2020,1,0,Uganda,ug,UGA,42723139,1,0
2020-03-22,22,3,2020,3,0,United_Republic_of_Tanzania,tz,TZA,56318348,6,0
2020-03-22,22,3,2020,0,0,Zambia,zm,ZMB,17351822,2,0
2020-03-22,22,3,2020,1,0,Zimbabwe,zw,ZWE,14439018,2,0
2020-03-23,23,3,2020,8,5,Algeria,dz,DZA,42228429,102,15
2020-03-23,23,3,2020,0,0,Angola,ao,AGO,30809762,2,0
2020-03-23,23,3,2020,0,0,Benin,bj,BEN,11485048,2,0
2020-03-23,23,3,2020,0,0,Burkina_Faso,bf,BFA,19751535,64,3
2020-03-23,23,3,2020,0,0,Cameroon,cm,CMR,25216237,27,0
2020-03-23,23,3,2020,0,0,Cape_Verde,cv,CPV,543767,3,0
2020-03-23,23,3,2020,1,0,Central_African_Republic,cf,CAF,4666377,4,0
2020-03-23,23,3,2020,0,0,Chad,td,TCD,15477751,2,0
2020-03-23,23,3,2020,0,0,Congo,cg,COG,5244363,4,0
2020-03-23,23,3,2020,8,0,Cote_dIvoire,ci,CIV,25069229,25,0
2020-03-23,23,3,2020,3,1,Democratic_Republic_of_the_Congo,cd,COD,84068091,26,2
2020-03-23,23,3,2020,0,0,Djibouti,dj,DJI,958920,1,0
2020-03-23,23,3,2020,9,2,Egypt,eg,EGY,98423595,294,10
2020-03-23,23,3,2020,0,0,Equatorial_Guinea,gq,GNQ,1308974,6,0
2020-03-23,23,3,2020,0,0,Eritrea,er,ERI,NA,1,0
2020-03-23,23,3,2020,3,0,Eswatini,sz,SWZ,1367000,4,0
2020-03-23,23,3,2020,2,0,Ethiopia,et,ETH,109224559,11,0
2020-03-23,23,3,2020,1559,112,France,fr,FRA,66987244,16018,674
2020-03-23,23,3,2020,3,0,Gabon,ga,GAB,2119275,6,1
2020-03-23,23,3,2020,0,0,Gambia,gm,GMB,2280102,1,0
2020-03-23,23,3,2020,3,0,Ghana,gh,GHA,29767108,24,1
2020-03-23,23,3,2020,0,0,Guinea,gn,GIN,12414318,2,0
2020-03-23,23,3,2020,8,0,Kenya,ke,KEN,51393010,15,0
2020-03-23,23,3,2020,0,0,Liberia,lr,LBR,4818977,3,0
2020-03-23,23,3,2020,0,0,Madagascar,mg,MDG,26262368,3,0
2020-03-23,23,3,2020,0,0,Mauritania,mr,MRT,4403319,2,0
2020-03-23,23,3,2020,14,1,Mauritius,mu,MUS,1265303,28,2
2020-03-23,23,3,2020,19,1,Morocco,ma,MAR,36029138,115,4
2020-03-23,23,3,2020,1,0,Mozambique,mz,MOZ,29495962,1,0
2020-03-23,23,3,2020,0,0,Namibia,NA,NAM,2448255,3,0
2020-03-23,23,3,2020,0,0,Niger,ne,NER,22442948,1,0
2020-03-23,23,3,2020,8,0,Nigeria,ng,NGA,195874740,30,0
2020-03-23,23,3,2020,2,0,Rwanda,rw,RWA,12301939,19,0
2020-03-23,23,3,2020,11,0,Senegal,sn,SEN,15854360,67,0
2020-03-23,23,3,2020,0,0,Seychelles,sc,SYC,96762,7,0
2020-03-23,23,3,2020,0,0,Somalia,so,SOM,15008154,1,0
2020-03-23,23,3,2020,34,0,South_Africa,za,ZAF,57779622,274,0
2020-03-23,23,3,2020,0,0,Sudan,sd,SDN,41801533,2,1
2020-03-23,23,3,2020,0,0,Togo,tg,TGO,7889094,15,0
2020-03-23,23,3,2020,15,2,Tunisia,tn,TUN,11565204,75,3
2020-03-23,23,3,2020,0,0,Uganda,ug,UGA,42723139,1,0
2020-03-23,23,3,2020,6,0,United_Republic_of_Tanzania,tz,TZA,56318348,12,0
2020-03-23,23,3,2020,1,0,Zambia,zm,ZMB,17351822,3,0
2020-03-23,23,3,2020,0,0,Zimbabwe,zw,ZWE,14439018,2,0
2020-03-24,24,3,2020,87,2,Algeria,dz,DZA,42228429,189,17
2020-03-24,24,3,2020,0,0,Angola,ao,AGO,30809762,2,0
2020-03-24,24,3,2020,3,0,Benin,bj,BEN,11485048,5,0
2020-03-24,24,3,2020,11,0,Burkina_Faso,bf,BFA,19751535,75,3
2020-03-24,24,3,2020,29,0,Cameroon,cm,CMR,25216237,56,0
2020-03-24,24,3,2020,0,0,Cape_Verde,cv,CPV,543767,3,0
2020-03-24,24,3,2020,0,0,Central_African_Republic,cf,CAF,4666377,4,0
2020-03-24,24,3,2020,0,0,Chad,td,TCD,15477751,2,0
2020-03-24,24,3,2020,0,0,Congo,cg,COG,5244363,4,0
2020-03-24,24,3,2020,0,0,Cote_dIvoire,ci,CIV,25069229,25,0
2020-03-24,24,3,2020,0,0,Democratic_Republic_of_the_Congo,cd,COD,84068091,26,2
2020-03-24,24,3,2020,2,0,Djibouti,dj,DJI,958920,3,0
2020-03-24,24,3,2020,33,4,Egypt,eg,EGY,98423595,327,14
2020-03-24,24,3,2020,3,0,Equatorial_Guinea,gq,GNQ,1308974,9,0
2020-03-24,24,3,2020,0,0,Eritrea,er,ERI,NA,1,0
2020-03-24,24,3,2020,0,0,Eswatini,sz,SWZ,1367000,4,0
2020-03-24,24,3,2020,0,0,Ethiopia,et,ETH,109224559,11,0
2020-03-24,24,3,2020,3838,186,France,fr,FRA,66987244,19856,860
2020-03-24,24,3,2020,0,0,Gabon,ga,GAB,2119275,6,1
2020-03-24,24,3,2020,1,1,Gambia,gm,GMB,2280102,2,1
2020-03-24,24,3,2020,3,1,Ghana,gh,GHA,29767108,27,2
2020-03-24,24,3,2020,0,0,Guinea,gn,GIN,12414318,2,0
2020-03-24,24,3,2020,1,0,Kenya,ke,KEN,51393010,16,0
2020-03-24,24,3,2020,0,0,Liberia,lr,LBR,4818977,3,0
2020-03-24,24,3,2020,14,0,Madagascar,mg,MDG,26262368,17,0
2020-03-24,24,3,2020,0,0,Mauritania,mr,MRT,4403319,2,0
2020-03-24,24,3,2020,8,0,Mauritius,mu,MUS,1265303,36,2
2020-03-24,24,3,2020,19,0,Morocco,ma,MAR,36029138,134,4
2020-03-24,24,3,2020,0,0,Mozambique,mz,MOZ,29495962,1,0
2020-03-24,24,3,2020,0,0,Namibia,NA,NAM,2448255,3,0
2020-03-24,24,3,2020,1,0,Niger,ne,NER,22442948,2,0
2020-03-24,24,3,2020,10,1,Nigeria,ng,NGA,195874740,40,1
2020-03-24,24,3,2020,17,0,Rwanda,rw,RWA,12301939,36,0
2020-03-24,24,3,2020,12,0,Senegal,sn,SEN,15854360,79,0
2020-03-24,24,3,2020,0,0,Seychelles,sc,SYC,96762,7,0
2020-03-24,24,3,2020,0,0,Somalia,so,SOM,15008154,1,0
2020-03-24,24,3,2020,128,0,South_Africa,za,ZAF,57779622,402,0
2020-03-24,24,3,2020,0,0,Sudan,sd,SDN,41801533,2,1
2020-03-24,24,3,2020,3,0,Togo,tg,TGO,7889094,18,0
2020-03-24,24,3,2020,14,0,Tunisia,tn,TUN,11565204,89,3
2020-03-24,24,3,2020,8,0,Uganda,ug,UGA,42723139,9,0
2020-03-24,24,3,2020,0,0,United_Republic_of_Tanzania,tz,TZA,56318348,12,0
2020-03-24,24,3,2020,0,0,Zambia,zm,ZMB,17351822,3,0
2020-03-24,24,3,2020,0,1,Zimbabwe,zw,ZWE,14439018,2,1
2020-03-25,25,3,2020,42,0,Algeria,dz,DZA,42228429,231,17
2020-03-25,25,3,2020,0,0,Angola,ao,AGO,30809762,2,0
2020-03-25,25,3,2020,0,0,Benin,bj,BEN,11485048,5,0
2020-03-25,25,3,2020,24,0,Burkina_Faso,bf,BFA,19751535,99,3
2020-03-25,25,3,2020,16,1,Cameroon,cm,CMR,25216237,72,1
2020-03-25,25,3,2020,0,1,Cape_Verde,cv,CPV,543767,3,1
2020-03-25,25,3,2020,0,0,Central_African_Republic,cf,CAF,4666377,4,0
2020-03-25,25,3,2020,1,0,Chad,td,TCD,15477751,3,0
2020-03-25,25,3,2020,0,0,Congo,cg,COG,5244363,4,0
2020-03-25,25,3,2020,48,0,Cote_dIvoire,ci,CIV,25069229,73,0
2020-03-25,25,3,2020,19,1,Democratic_Republic_of_the_Congo,cd,COD,84068091,45,3
2020-03-25,25,3,2020,0,0,Djibouti,dj,DJI,958920,3,0
2020-03-25,25,3,2020,39,5,Egypt,eg,EGY,98423595,366,19
2020-03-25,25,3,2020,0,0,Equatorial_Guinea,gq,GNQ,1308974,9,0
2020-03-25,25,3,2020,0,0,Eritrea,er,ERI,NA,1,0
2020-03-25,25,3,2020,0,0,Eswatini,sz,SWZ,1367000,4,0
2020-03-25,25,3,2020,0,0,Ethiopia,et,ETH,109224559,11,0
2020-03-25,25,3,2020,2446,240,France,fr,FRA,66987244,22302,1100
2020-03-25,25,3,2020,0,0,Gabon,ga,GAB,2119275,6,1
2020-03-25,25,3,2020,1,0,Gambia,gm,GMB,2280102,3,1
2020-03-25,25,3,2020,26,0,Ghana,gh,GHA,29767108,53,2
2020-03-25,25,3,2020,2,0,Guinea,gn,GIN,12414318,4,0
2020-03-25,25,3,2020,9,0,Kenya,ke,KEN,51393010,25,0
2020-03-25,25,3,2020,0,0,Liberia,lr,LBR,4818977,3,0
2020-03-25,25,3,2020,1,0,Libya,ly,LBY,6678567,1,0
2020-03-25,25,3,2020,2,0,Madagascar,mg,MDG,26262368,19,0
2020-03-25,25,3,2020,0,0,Mauritania,mr,MRT,4403319,2,0
2020-03-25,25,3,2020,6,0,Mauritius,mu,MUS,1265303,42,2
2020-03-25,25,3,2020,36,1,Morocco,ma,MAR,36029138,170,5
2020-03-25,25,3,2020,0,0,Mozambique,mz,MOZ,29495962,1,0
2020-03-25,25,3,2020,0,0,Namibia,NA,NAM,2448255,3,0
2020-03-25,25,3,2020,5,1,Niger,ne,NER,22442948,7,1
2020-03-25,25,3,2020,4,0,Nigeria,ng,NGA,195874740,44,1
2020-03-25,25,3,2020,4,0,Rwanda,rw,RWA,12301939,40,0
2020-03-25,25,3,2020,7,0,Senegal,sn,SEN,15854360,86,0
2020-03-25,25,3,2020,0,0,Seychelles,sc,SYC,96762,7,0
2020-03-25,25,3,2020,0,0,Somalia,so,SOM,15008154,1,0
2020-03-25,25,3,2020,155,0,South_Africa,za,ZAF,57779622,557,0
2020-03-25,25,3,2020,1,0,Sudan,sd,SDN,41801533,3,1
2020-03-25,25,3,2020,0,0,Togo,tg,TGO,7889094,18,0
2020-03-25,25,3,2020,25,0,Tunisia,tn,TUN,11565204,114,3
2020-03-25,25,3,2020,0,0,Uganda,ug,UGA,42723139,9,0
2020-03-25,25,3,2020,0,0,United_Republic_of_Tanzania,tz,TZA,56318348,12,0
2020-03-25,25,3,2020,0,0,Zambia,zm,ZMB,17351822,3,0
2020-03-25,25,3,2020,0,0,Zimbabwe,zw,ZWE,14439018,2,1
2020-03-26,26,3,2020,33,0,Algeria,dz,DZA,42228429,264,17
2020-03-26,26,3,2020,0,0,Angola,ao,AGO,30809762,2,0
2020-03-26,26,3,2020,0,0,Benin,bj,BEN,11485048,5,0
2020-03-26,26,3,2020,15,0,Burkina_Faso,bf,BFA,19751535,114,3
2020-03-26,26,3,2020,0,0,Cameroon,cm,CMR,25216237,72,1
2020-03-26,26,3,2020,1,0,Cape_Verde,cv,CPV,543767,4,1
2020-03-26,26,3,2020,0,0,Central_African_Republic,cf,CAF,4666377,4,0
2020-03-26,26,3,2020,0,0,Chad,td,TCD,15477751,3,0
2020-03-26,26,3,2020,0,0,Congo,cg,COG,5244363,4,0
2020-03-26,26,3,2020,7,0,Cote_dIvoire,ci,CIV,25069229,80,0
2020-03-26,26,3,2020,0,0,Democratic_Republic_of_the_Congo,cd,COD,84068091,45,3
2020-03-26,26,3,2020,9,0,Djibouti,dj,DJI,958920,12,0
2020-03-26,26,3,2020,76,2,Egypt,eg,EGY,98423595,442,21
2020-03-26,26,3,2020,2,0,Equatorial_Guinea,gq,GNQ,1308974,11,0
2020-03-26,26,3,2020,3,0,Eritrea,er,ERI,NA,4,0
2020-03-26,26,3,2020,0,0,Eswatini,sz,SWZ,1367000,4,0
2020-03-26,26,3,2020,1,0,Ethiopia,et,ETH,109224559,12,0
2020-03-26,26,3,2020,2931,231,France,fr,FRA,66987244,25233,1331
2020-03-26,26,3,2020,0,0,Gabon,ga,GAB,2119275,6,1
2020-03-26,26,3,2020,0,0,Gambia,gm,GMB,2280102,3,1
2020-03-26,26,3,2020,15,1,Ghana,gh,GHA,29767108,68,3
2020-03-26,26,3,2020,0,0,Guinea,gn,GIN,12414318,4,0
2020-03-26,26,3,2020,0,0,Kenya,ke,KEN,51393010,25,0
2020-03-26,26,3,2020,0,0,Liberia,lr,LBR,4818977,3,0
2020-03-26,26,3,2020,0,0,Libya,ly,LBY,6678567,1,0
2020-03-26,26,3,2020,0,0,Madagascar,mg,MDG,26262368,19,0
2020-03-26,26,3,2020,2,0,Mali,ml,MLI,19077690,2,0
2020-03-26,26,3,2020,0,0,Mauritania,mr,MRT,4403319,2,0
2020-03-26,26,3,2020,6,0,Mauritius,mu,MUS,1265303,48,2
2020-03-26,26,3,2020,55,1,Morocco,ma,MAR,36029138,225,6
2020-03-26,26,3,2020,4,0,Mozambique,mz,MOZ,29495962,5,0
2020-03-26,26,3,2020,1,0,Namibia,NA,NAM,2448255,4,0
2020-03-26,26,3,2020,0,0,Niger,ne,NER,22442948,7,1
2020-03-26,26,3,2020,7,0,Nigeria,ng,NGA,195874740,51,1
2020-03-26,26,3,2020,1,0,Rwanda,rw,RWA,12301939,41,0
2020-03-26,26,3,2020,13,0,Senegal,sn,SEN,15854360,99,0
2020-03-26,26,3,2020,0,0,Seychelles,sc,SYC,96762,7,0
2020-03-26,26,3,2020,0,0,Somalia,so,SOM,15008154,1,0
2020-03-26,26,3,2020,152,0,South_Africa,za,ZAF,57779622,709,0
2020-03-26,26,3,2020,0,0,Sudan,sd,SDN,41801533,3,1
2020-03-26,26,3,2020,5,0,Togo,tg,TGO,7889094,23,0
2020-03-26,26,3,2020,59,2,Tunisia,tn,TUN,11565204,173,5
2020-03-26,26,3,2020,5,0,Uganda,ug,UGA,42723139,14,0
2020-03-26,26,3,2020,0,0,United_Republic_of_Tanzania,tz,TZA,56318348,12,0
2020-03-26,26,3,2020,9,0,Zambia,zm,ZMB,17351822,12,0
2020-03-26,26,3,2020,1,0,Zimbabwe,zw,ZWE,14439018,3,1
2020-03-27,27,3,2020,41,4,Algeria,dz,DZA,42228429,305,21
2020-03-27,27,3,2020,1,0,Angola,ao,AGO,30809762,3,0
2020-03-27,27,3,2020,1,0,Benin,bj,BEN,11485048,6,0
2020-03-27,27,3,2020,32,0,Burkina_Faso,bf,BFA,19751535,146,3
2020-03-27,27,3,2020,16,0,Cameroon,cm,CMR,25216237,88,1
2020-03-27,27,3,2020,1,0,Cape_Verde,cv,CPV,543767,5,1
2020-03-27,27,3,2020,1,0,Central_African_Republic,cf,CAF,4666377,5,0
2020-03-27,27,3,2020,2,0,Chad,td,TCD,15477751,5,0
2020-03-27,27,3,2020,0,0,Congo,cg,COG,5244363,4,0
2020-03-27,27,3,2020,16,0,Cote_dIvoire,ci,CIV,25069229,96,0
2020-03-27,27,3,2020,9,1,Democratic_Republic_of_the_Congo,cd,COD,84068091,54,4
2020-03-27,27,3,2020,0,0,Djibouti,dj,DJI,958920,12,0
2020-03-27,27,3,2020,14,0,Egypt,eg,EGY,98423595,456,21
2020-03-27,27,3,2020,1,0,Equatorial_Guinea,gq,GNQ,1308974,12,0
2020-03-27,27,3,2020,2,0,Eritrea,er,ERI,NA,6,0
2020-03-27,27,3,2020,2,0,Eswatini,sz,SWZ,1367000,6,0
2020-03-27,27,3,2020,0,0,Ethiopia,et,ETH,109224559,12,0
2020-03-27,27,3,2020,3922,365,France,fr,FRA,66987244,29155,1696
2020-03-27,27,3,2020,1,0,Gabon,ga,GAB,2119275,7,1
2020-03-27,27,3,2020,0,0,Gambia,gm,GMB,2280102,3,1
2020-03-27,27,3,2020,64,0,Ghana,gh,GHA,29767108,132,3
2020-03-27,27,3,2020,1,0,Guinea,gn,GIN,12414318,5,0
2020-03-27,27,3,2020,2,0,Guinea_Bissau,gw,GNB,1874309,2,0
2020-03-27,27,3,2020,6,1,Kenya,ke,KEN,51393010,31,1
2020-03-27,27,3,2020,0,0,Liberia,lr,LBR,4818977,3,0
2020-03-27,27,3,2020,0,0,Libya,ly,LBY,6678567,1,0
2020-03-27,27,3,2020,4,0,Madagascar,mg,MDG,26262368,23,0
2020-03-27,27,3,2020,2,0,Mali,ml,MLI,19077690,4,0
2020-03-27,27,3,2020,1,0,Mauritania,mr,MRT,4403319,3,0
2020-03-27,27,3,2020,33,0,Mauritius,mu,MUS,1265303,81,2
2020-03-27,27,3,2020,50,4,Morocco,ma,MAR,36029138,275,10
2020-03-27,27,3,2020,2,0,Mozambique,mz,MOZ,29495962,7,0
2020-03-27,27,3,2020,4,0,Namibia,NA,NAM,2448255,8,0
2020-03-27,27,3,2020,3,0,Niger,ne,NER,22442948,10,1
2020-03-27,27,3,2020,14,0,Nigeria,ng,NGA,195874740,65,1
2020-03-27,27,3,2020,9,0,Rwanda,rw,RWA,12301939,50,0
2020-03-27,27,3,2020,6,0,Senegal,sn,SEN,15854360,105,0
2020-03-27,27,3,2020,0,0,Seychelles,sc,SYC,96762,7,0
2020-03-27,27,3,2020,1,0,Somalia,so,SOM,15008154,2,0
2020-03-27,27,3,2020,218,2,South_Africa,za,ZAF,57779622,927,2
2020-03-27,27,3,2020,0,0,Sudan,sd,SDN,41801533,3,1
2020-03-27,27,3,2020,1,0,Togo,tg,TGO,7889094,24,0
2020-03-27,27,3,2020,0,0,Tunisia,tn,TUN,11565204,173,5
2020-03-27,27,3,2020,0,0,Uganda,ug,UGA,42723139,14,0
2020-03-27,27,3,2020,1,0,United_Republic_of_Tanzania,tz,TZA,56318348,13,0
2020-03-27,27,3,2020,2,0,Zambia,zm,ZMB,17351822,14,0
2020-03-27,27,3,2020,0,0,Zimbabwe,zw,ZWE,14439018,3,1
2020-03-28,28,3,2020,0,0,Algeria,dz,DZA,42228429,305,21
2020-03-28,28,3,2020,1,0,Angola,ao,AGO,30809762,4,0
2020-03-28,28,3,2020,0,0,Benin,bj,BEN,11485048,6,0
2020-03-28,28,3,2020,0,0,Burkina_Faso,bf,BFA,19751535,146,3
2020-03-28,28,3,2020,0,0,Cameroon,cm,CMR,25216237,88,1
2020-03-28,28,3,2020,0,0,Cape_Verde,cv,CPV,543767,5,1
2020-03-28,28,3,2020,0,0,Central_African_Republic,cf,CAF,4666377,5,0
2020-03-28,28,3,2020,0,0,Chad,td,TCD,15477751,5,0
2020-03-28,28,3,2020,0,0,Congo,cg,COG,5244363,4,0
2020-03-28,28,3,2020,5,0,Cote_dIvoire,ci,CIV,25069229,101,0
2020-03-28,28,3,2020,4,0,Democratic_Republic_of_the_Congo,cd,COD,84068091,58,4
2020-03-28,28,3,2020,1,0,Djibouti,dj,DJI,958920,13,0
2020-03-28,28,3,2020,39,3,Egypt,eg,EGY,98423595,495,24
2020-03-28,28,3,2020,1,0,Equatorial_Guinea,gq,GNQ,1308974,13,0
2020-03-28,28,3,2020,0,0,Eritrea,er,ERI,NA,6,0
2020-03-28,28,3,2020,3,0,Eswatini,sz,SWZ,1367000,9,0
2020-03-28,28,3,2020,4,0,Ethiopia,et,ETH,109224559,16,0
2020-03-28,28,3,2020,3809,299,France,fr,FRA,66987244,32964,1995
2020-03-28,28,3,2020,0,0,Gabon,ga,GAB,2119275,7,1
2020-03-28,28,3,2020,0,0,Gambia,gm,GMB,2280102,3,1
2020-03-28,28,3,2020,5,0,Ghana,gh,GHA,29767108,137,3
2020-03-28,28,3,2020,0,0,Guinea,gn,GIN,12414318,5,0
2020-03-28,28,3,2020,0,0,Guinea_Bissau,gw,GNB,1874309,2,0
2020-03-28,28,3,2020,0,0,Kenya,ke,KEN,51393010,31,1
2020-03-28,28,3,2020,0,0,Liberia,lr,LBR,4818977,3,0
2020-03-28,28,3,2020,0,0,Libya,ly,LBY,6678567,1,0
2020-03-28,28,3,2020,1,0,Madagascar,mg,MDG,26262368,24,0
2020-03-28,28,3,2020,0,0,Mali,ml,MLI,19077690,4,0
2020-03-28,28,3,2020,0,0,Mauritania,mr,MRT,4403319,3,0
2020-03-28,28,3,2020,13,0,Mauritius,mu,MUS,1265303,94,2
2020-03-28,28,3,2020,70,13,Morocco,ma,MAR,36029138,345,23
2020-03-28,28,3,2020,0,0,Mozambique,mz,MOZ,29495962,7,0
2020-03-28,28,3,2020,0,0,Namibia,NA,NAM,2448255,8,0
2020-03-28,28,3,2020,0,0,Niger,ne,NER,22442948,10,1
2020-03-28,28,3,2020,16,0,Nigeria,ng,NGA,195874740,81,1
2020-03-28,28,3,2020,4,0,Rwanda,rw,RWA,12301939,54,0
2020-03-28,28,3,2020,14,0,Senegal,sn,SEN,15854360,119,0
2020-03-28,28,3,2020,0,0,Seychelles,sc,SYC,96762,7,0
2020-03-28,28,3,2020,1,0,Somalia,so,SOM,15008154,3,0
2020-03-28,28,3,2020,243,0,South_Africa,za,ZAF,57779622,1170,2
2020-03-28,28,3,2020,0,0,Sudan,sd,SDN,41801533,3,1
2020-03-28,28,3,2020,1,1,Togo,tg,TGO,7889094,25,1
2020-03-28,28,3,2020,54,1,Tunisia,tn,TUN,11565204,227,6
2020-03-28,28,3,2020,0,0,Uganda,ug,UGA,42723139,14,0
2020-03-28,28,3,2020,0,0,United_Republic_of_Tanzania,tz,TZA,56318348,13,0
2020-03-28,28,3,2020,2,0,Zambia,zm,ZMB,17351822,16,0
2020-03-28,28,3,2020,2,0,Zimbabwe,zw,ZWE,14439018,5,1
2020-03-29,29,3,2020,104,5,Algeria,dz,DZA,42228429,409,26
2020-03-29,29,3,2020,0,0,Angola,ao,AGO,30809762,4,0
2020-03-29,29,3,2020,0,0,Benin,bj,BEN,11485048,6,0
2020-03-29,29,3,2020,34,6,Burkina_Faso,bf,BFA,19751535,180,9
2020-03-29,29,3,2020,11,1,Cameroon,cm,CMR,25216237,99,2
2020-03-29,29,3,2020,0,0,Cape_Verde,cv,CPV,543767,5,1
2020-03-29,29,3,2020,1,0,Central_African_Republic,cf,CAF,4666377,6,0
2020-03-29,29,3,2020,0,0,Chad,td,TCD,15477751,5,0
2020-03-29,29,3,2020,15,0,Congo,cg,COG,5244363,19,0
2020-03-29,29,3,2020,39,0,Cote_dIvoire,ci,CIV,25069229,140,0
2020-03-29,29,3,2020,0,2,Democratic_Republic_of_the_Congo,cd,COD,84068091,58,6
2020-03-29,29,3,2020,2,0,Djibouti,dj,DJI,958920,15,0
2020-03-29,29,3,2020,41,6,Egypt,eg,EGY,98423595,536,30
2020-03-29,29,3,2020,0,0,Equatorial_Guinea,gq,GNQ,1308974,13,0
2020-03-29,29,3,2020,0,0,Eritrea,er,ERI,NA,6,0
2020-03-29,29,3,2020,0,0,Eswatini,sz,SWZ,1367000,9,0
2020-03-29,29,3,2020,0,0,Ethiopia,et,ETH,109224559,16,0
2020-03-29,29,3,2020,4611,319,France,fr,FRA,66987244,37575,2314
2020-03-29,29,3,2020,0,0,Gabon,ga,GAB,2119275,7,1
2020-03-29,29,3,2020,0,0,Gambia,gm,GMB,2280102,3,1
2020-03-29,29,3,2020,4,2,Ghana,gh,GHA,29767108,141,5
2020-03-29,29,3,2020,3,0,Guinea,gn,GIN,12414318,8,0
2020-03-29,29,3,2020,0,0,Guinea_Bissau,gw,GNB,1874309,2,0
2020-03-29,29,3,2020,7,0,Kenya,ke,KEN,51393010,38,1
2020-03-29,29,3,2020,0,0,Liberia,lr,LBR,4818977,3,0
2020-03-29,29,3,2020,0,0,Libya,ly,LBY,6678567,1,0
2020-03-29,29,3,2020,4,0,Madagascar,mg,MDG,26262368,28,0
2020-03-29,29,3,2020,5,0,Mali,ml,MLI,19077690,9,0
2020-03-29,29,3,2020,2,0,Mauritania,mr,MRT,4403319,5,0
2020-03-29,29,3,2020,8,0,Mauritius,mu,MUS,1265303,102,2
2020-03-29,29,3,2020,13,0,Morocco,ma,MAR,36029138,358,23
2020-03-29,29,3,2020,1,0,Mozambique,mz,MOZ,29495962,8,0
2020-03-29,29,3,2020,0,0,Namibia,NA,NAM,2448255,8,0
2020-03-29,29,3,2020,0,0,Niger,ne,NER,22442948,10,1
2020-03-29,29,3,2020,16,0,Nigeria,ng,NGA,195874740,97,1
2020-03-29,29,3,2020,6,0,Rwanda,rw,RWA,12301939,60,0
2020-03-29,29,3,2020,11,0,Senegal,sn,SEN,15854360,130,0
2020-03-29,29,3,2020,0,0,Seychelles,sc,SYC,96762,7,0
2020-03-29,29,3,2020,0,0,Somalia,so,SOM,15008154,3,0
2020-03-29,29,3,2020,17,0,South_Africa,za,ZAF,57779622,1187,2
2020-03-29,29,3,2020,2,0,Sudan,sd,SDN,41801533,5,1
2020-03-29,29,3,2020,3,0,Togo,tg,TGO,7889094,28,1
2020-03-29,29,3,2020,0,0,Tunisia,tn,TUN,11565204,227,6
2020-03-29,29,3,2020,16,0,Uganda,ug,UGA,42723139,30,0
2020-03-29,29,3,2020,0,1,United_Republic_of_Tanzania,tz,TZA,56318348,13,1
2020-03-29,29,3,2020,12,0,Zambia,zm,ZMB,17351822,28,0
2020-03-29,29,3,2020,2,0,Zimbabwe,zw,ZWE,14439018,7,1
2020-03-30,30,3,2020,45,3,Algeria,dz,DZA,42228429,454,29
2020-03-30,30,3,2020,3,2,Angola,ao,AGO,30809762,7,2
2020-03-30,30,3,2020,0,0,Benin,bj,BEN,11485048,6,0
2020-03-30,30,3,2020,0,0,Burkina_Faso,bf,BFA,19751535,180,9
2020-03-30,30,3,2020,0,0,Cameroon,cm,CMR,25216237,99,2
2020-03-30,30,3,2020,0,0,Cape_Verde,cv,CPV,543767,5,1
2020-03-30,30,3,2020,0,0,Central_African_Republic,cf,CAF,4666377,6,0
2020-03-30,30,3,2020,0,0,Chad,td,TCD,15477751,5,0
2020-03-30,30,3,2020,0,0,Congo,cg,COG,5244363,19,0
2020-03-30,30,3,2020,25,1,Cote_dIvoire,ci,CIV,25069229,165,1
2020-03-30,30,3,2020,23,2,Democratic_Republic_of_the_Congo,cd,COD,84068091,81,8
2020-03-30,30,3,2020,4,0,Djibouti,dj,DJI,958920,19,0
2020-03-30,30,3,2020,40,6,Egypt,eg,EGY,98423595,576,36
2020-03-30,30,3,2020,1,0,Equatorial_Guinea,gq,GNQ,1308974,14,0
2020-03-30,30,3,2020,6,0,Eritrea,er,ERI,NA,12,0
2020-03-30,30,3,2020,0,0,Eswatini,sz,SWZ,1367000,9,0
2020-03-30,30,3,2020,0,0,Ethiopia,et,ETH,109224559,16,0
2020-03-30,30,3,2020,2599,292,France,fr,FRA,66987244,40174,2606
2020-03-30,30,3,2020,0,0,Gabon,ga,GAB,2119275,7,1
2020-03-30,30,3,2020,0,0,Gambia,gm,GMB,2280102,3,1
2020-03-30,30,3,2020,11,0,Ghana,gh,GHA,29767108,152,5
2020-03-30,30,3,2020,0,0,Guinea,gn,GIN,12414318,8,0
2020-03-30,30,3,2020,0,0,Guinea_Bissau,gw,GNB,1874309,2,0
2020-03-30,30,3,2020,4,0,Kenya,ke,KEN,51393010,42,1
2020-03-30,30,3,2020,0,0,Liberia,lr,LBR,4818977,3,0
2020-03-30,30,3,2020,7,0,Libya,ly,LBY,6678567,8,0
2020-03-30,30,3,2020,9,0,Madagascar,mg,MDG,26262368,37,0
2020-03-30,30,3,2020,9,0,Mali,ml,MLI,19077690,18,0
2020-03-30,30,3,2020,0,0,Mauritania,mr,MRT,4403319,5,0
2020-03-30,30,3,2020,8,1,Mauritius,mu,MUS,1265303,110,3
2020-03-30,30,3,2020,121,3,Morocco,ma,MAR,36029138,479,26
2020-03-30,30,3,2020,0,0,Mozambique,mz,MOZ,29495962,8,0
2020-03-30,30,3,2020,3,0,Namibia,NA,NAM,2448255,11,0
2020-03-30,30,3,2020,0,0,Niger,ne,NER,22442948,10,1
2020-03-30,30,3,2020,0,0,Nigeria,ng,NGA,195874740,97,1
2020-03-30,30,3,2020,10,0,Rwanda,rw,RWA,12301939,70,0
2020-03-30,30,3,2020,12,0,Senegal,sn,SEN,15854360,142,0
2020-03-30,30,3,2020,1,0,Seychelles,sc,SYC,96762,8,0
2020-03-30,30,3,2020,0,0,Somalia,so,SOM,15008154,3,0
2020-03-30,30,3,2020,93,0,South_Africa,za,ZAF,57779622,1280,2
2020-03-30,30,3,2020,0,0,Sudan,sd,SDN,41801533,5,1
2020-03-30,30,3,2020,2,0,Togo,tg,TGO,7889094,30,1
2020-03-30,30,3,2020,51,2,Tunisia,tn,TUN,11565204,278,8
2020-03-30,30,3,2020,3,0,Uganda,ug,UGA,42723139,33,0
2020-03-30,30,3,2020,1,0,United_Republic_of_Tanzania,tz,TZA,56318348,14,1
2020-03-30,30,3,2020,1,0,Zambia,zm,ZMB,17351822,29,0
2020-03-30,30,3,2020,0,0,Zimbabwe,zw,ZWE,14439018,7,1
2020-03-31,31,3,2020,57,2,Algeria,dz,DZA,42228429,511,31
2020-03-31,31,3,2020,0,0,Angola,ao,AGO,30809762,7,2
2020-03-31,31,3,2020,0,0,Benin,bj,BEN,11485048,6,0
2020-03-31,31,3,2020,42,3,Burkina_Faso,bf,BFA,19751535,222,12
2020-03-31,31,3,2020,43,0,Cameroon,cm,CMR,25216237,142,2
2020-03-31,31,3,2020,0,0,Cape_Verde,cv,CPV,543767,5,1
2020-03-31,31,3,2020,0,0,Central_African_Republic,cf,CAF,4666377,6,0
2020-03-31,31,3,2020,2,0,Chad,td,TCD,15477751,7,0
2020-03-31,31,3,2020,0,0,Congo,cg,COG,5244363,19,0
2020-03-31,31,3,2020,3,0,Cote_dIvoire,ci,CIV,25069229,168,1
2020-03-31,31,3,2020,17,0,Democratic_Republic_of_the_Congo,cd,COD,84068091,98,8
2020-03-31,31,3,2020,7,0,Djibouti,dj,DJI,958920,26,0
2020-03-31,31,3,2020,33,4,Egypt,eg,EGY,98423595,609,40
2020-03-31,31,3,2020,0,0,Equatorial_Guinea,gq,GNQ,1308974,14,0
2020-03-31,31,3,2020,0,0,Eritrea,er,ERI,NA,12,0
2020-03-31,31,3,2020,0,0,Eswatini,sz,SWZ,1367000,9,0
2020-03-31,31,3,2020,7,0,Ethiopia,et,ETH,109224559,23,0
2020-03-31,31,3,2020,4376,418,France,fr,FRA,66987244,44550,3024
2020-03-31,31,3,2020,0,0,Gabon,ga,GAB,2119275,7,1
2020-03-31,31,3,2020,1,0,Gambia,gm,GMB,2280102,4,1
2020-03-31,31,3,2020,0,0,Ghana,gh,GHA,29767108,152,5
2020-03-31,31,3,2020,8,0,Guinea,gn,GIN,12414318,16,0
2020-03-31,31,3,2020,0,0,Guinea_Bissau,gw,GNB,1874309,2,0
2020-03-31,31,3,2020,8,0,Kenya,ke,KEN,51393010,50,1
2020-03-31,31,3,2020,0,0,Liberia,lr,LBR,4818977,3,0
2020-03-31,31,3,2020,0,0,Libya,ly,LBY,6678567,8,0
2020-03-31,31,3,2020,7,0,Madagascar,mg,MDG,26262368,44,0
2020-03-31,31,3,2020,0,0,Mali,ml,MLI,19077690,18,0
2020-03-31,31,3,2020,0,0,Mauritania,mr,MRT,4403319,5,0
2020-03-31,31,3,2020,18,0,Mauritius,mu,MUS,1265303,128,3
2020-03-31,31,3,2020,77,7,Morocco,ma,MAR,36029138,556,33
2020-03-31,31,3,2020,0,0,Mozambique,mz,MOZ,29495962,8,0
2020-03-31,31,3,2020,0,0,Namibia,NA,NAM,2448255,11,0
2020-03-31,31,3,2020,10,2,Niger,ne,NER,22442948,20,3
2020-03-31,31,3,2020,34,1,Nigeria,ng,NGA,195874740,131,2
2020-03-31,31,3,2020,0,0,Rwanda,rw,RWA,12301939,70,0
2020-03-31,31,3,2020,20,0,Senegal,sn,SEN,15854360,162,0
2020-03-31,31,3,2020,2,0,Seychelles,sc,SYC,96762,10,0
2020-03-31,31,3,2020,0,0,Somalia,so,SOM,15008154,3,0
2020-03-31,31,3,2020,46,1,South_Africa,za,ZAF,57779622,1326,3
2020-03-31,31,3,2020,1,1,Sudan,sd,SDN,41801533,6,2
2020-03-31,31,3,2020,4,0,Togo,tg,TGO,7889094,34,1
2020-03-31,31,3,2020,34,0,Tunisia,tn,TUN,11565204,312,8
2020-03-31,31,3,2020,0,0,Uganda,ug,UGA,42723139,33,0
2020-03-31,31,3,2020,5,0,United_Republic_of_Tanzania,tz,TZA,56318348,19,1
2020-03-31,31,3,2020,6,0,Zambia,zm,ZMB,17351822,35,0
2020-03-31,31,3,2020,0,0,Zimbabwe,zw,ZWE,14439018,7,1
2020-04-01,1,4,2020,73,4,Algeria,dz,DZA,42228429,584,35
2020-04-01,1,4,2020,0,0,Angola,ao,AGO,30809762,7,2
2020-04-01,1,4,2020,2,0,Benin,bj,BEN,11485048,8,0
2020-04-01,1,4,2020,3,0,Botswana,bw,BWA,2254126,3,0
2020-04-01,1,4,2020,24,0,Burkina_Faso,bf,BFA,19751535,246,12
2020-04-01,1,4,2020,2,0,Burundi,bi,BDI,11175378,2,0
2020-04-01,1,4,2020,51,4,Cameroon,cm,CMR,25216237,193,6
2020-04-01,1,4,2020,1,0,Cape_Verde,cv,CPV,543767,6,1
2020-04-01,1,4,2020,0,0,Central_African_Republic,cf,CAF,4666377,6,0
2020-04-01,1,4,2020,0,0,Chad,td,TCD,15477751,7,0
2020-04-01,1,4,2020,3,2,Congo,cg,COG,5244363,22,2
2020-04-01,1,4,2020,0,0,Cote_dIvoire,ci,CIV,25069229,168,1
2020-04-01,1,4,2020,0,0,Democratic_Republic_of_the_Congo,cd,COD,84068091,98,8
2020-04-01,1,4,2020,5,0,Djibouti,dj,DJI,958920,31,0
2020-04-01,1,4,2020,47,1,Egypt,eg,EGY,98423595,656,41
2020-04-01,1,4,2020,1,0,Equatorial_Guinea,gq,GNQ,1308974,15,0
2020-04-01,1,4,2020,3,0,Eritrea,er,ERI,NA,15,0
2020-04-01,1,4,2020,0,0,Eswatini,sz,SWZ,1367000,9,0
2020-04-01,1,4,2020,2,0,Ethiopia,et,ETH,109224559,25,0
2020-04-01,1,4,2020,7578,499,France,fr,FRA,66987244,52128,3523
2020-04-01,1,4,2020,9,0,Gabon,ga,GAB,2119275,16,1
2020-04-01,1,4,2020,0,0,Gambia,gm,GMB,2280102,4,1
2020-04-01,1,4,2020,0,0,Ghana,gh,GHA,29767108,152,5
2020-04-01,1,4,2020,0,0,Guinea,gn,GIN,12414318,16,0
2020-04-01,1,4,2020,6,0,Guinea_Bissau,gw,GNB,1874309,8,0
2020-04-01,1,4,2020,9,0,Kenya,ke,KEN,51393010,59,1
2020-04-01,1,4,2020,0,0,Liberia,lr,LBR,4818977,3,0
2020-04-01,1,4,2020,2,0,Libya,ly,LBY,6678567,10,0
2020-04-01,1,4,2020,2,0,Madagascar,mg,MDG,26262368,46,0
2020-04-01,1,4,2020,0,1,Mali,ml,MLI,19077690,18,1
2020-04-01,1,4,2020,0,0,Mauritania,mr,MRT,4403319,5,0
2020-04-01,1,4,2020,15,0,Mauritius,mu,MUS,1265303,143,3
2020-04-01,1,4,2020,61,3,Morocco,ma,MAR,36029138,617,36
2020-04-01,1,4,2020,0,0,Mozambique,mz,MOZ,29495962,8,0
2020-04-01,1,4,2020,0,0,Namibia,NA,NAM,2448255,11,0
2020-04-01,1,4,2020,0,0,Niger,ne,NER,22442948,20,3
2020-04-01,1,4,2020,0,0,Nigeria,ng,NGA,195874740,131,2
2020-04-01,1,4,2020,5,0,Rwanda,rw,RWA,12301939,75,0
2020-04-01,1,4,2020,13,0,Senegal,sn,SEN,15854360,175,0
2020-04-01,1,4,2020,0,0,Seychelles,sc,SYC,96762,10,0
2020-04-01,1,4,2020,1,0,Sierra_Leone,sl,SLE,7650154,1,0
2020-04-01,1,4,2020,0,0,Somalia,so,SOM,15008154,3,0
2020-04-01,1,4,2020,27,2,South_Africa,za,ZAF,57779622,1353,5
2020-04-01,1,4,2020,1,0,Sudan,sd,SDN,41801533,7,2
2020-04-01,1,4,2020,0,0,Togo,tg,TGO,7889094,34,1
2020-04-01,1,4,2020,50,1,Tunisia,tn,TUN,11565204,362,9
2020-04-01,1,4,2020,11,0,Uganda,ug,UGA,42723139,44,0
2020-04-01,1,4,2020,0,0,United_Republic_of_Tanzania,tz,TZA,56318348,19,1
2020-04-01,1,4,2020,0,0,Zambia,zm,ZMB,17351822,35,0
2020-04-01,1,4,2020,1,0,Zimbabwe,zw,ZWE,14439018,8,1
2020-04-02,2,4,2020,263,23,Algeria,dz,DZA,42228429,847,58
2020-04-02,2,4,2020,1,0,Angola,ao,AGO,30809762,8,2
2020-04-02,2,4,2020,5,0,Benin,bj,BEN,11485048,13,0
2020-04-02,2,4,2020,1,1,Botswana,bw,BWA,2254126,4,1
2020-04-02,2,4,2020,15,2,Burkina_Faso,bf,BFA,19751535,261,14
2020-04-02,2,4,2020,0,0,Burundi,bi,BDI,11175378,2,0
2020-04-02,2,4,2020,40,0,Cameroon,cm,CMR,25216237,233,6
2020-04-02,2,4,2020,0,0,Cape_Verde,cv,CPV,543767,6,1
2020-04-02,2,4,2020,2,0,Central_African_Republic,cf,CAF,4666377,8,0
2020-04-02,2,4,2020,0,0,Chad,td,TCD,15477751,7,0
2020-04-02,2,4,2020,0,0,Congo,cg,COG,5244363,22,2
2020-04-02,2,4,2020,22,0,Cote_dIvoire,ci,CIV,25069229,190,1
2020-04-02,2,4,2020,25,3,Democratic_Republic_of_the_Congo,cd,COD,84068091,123,11
2020-04-02,2,4,2020,3,0,Djibouti,dj,DJI,958920,34,0
2020-04-02,2,4,2020,54,5,Egypt,eg,EGY,98423595,710,46
2020-04-02,2,4,2020,0,0,Equatorial_Guinea,gq,GNQ,1308974,15,0
2020-04-02,2,4,2020,3,0,Eritrea,er,ERI,NA,18,0
2020-04-02,2,4,2020,0,0,Eswatini,sz,SWZ,1367000,9,0
2020-04-02,2,4,2020,4,0,Ethiopia,et,ETH,109224559,29,0
2020-04-02,2,4,2020,4861,509,France,fr,FRA,66987244,56989,4032
2020-04-02,2,4,2020,2,0,Gabon,ga,GAB,2119275,18,1
2020-04-02,2,4,2020,0,0,Gambia,gm,GMB,2280102,4,1
2020-04-02,2,4,2020,43,0,Ghana,gh,GHA,29767108,195,5
2020-04-02,2,4,2020,14,0,Guinea,gn,GIN,12414318,30,0
2020-04-02,2,4,2020,1,0,Guinea_Bissau,gw,GNB,1874309,9,0
2020-04-02,2,4,2020,22,0,Kenya,ke,KEN,51393010,81,1
2020-04-02,2,4,2020,3,0,Liberia,lr,LBR,4818977,6,0
2020-04-02,2,4,2020,0,0,Libya,ly,LBY,6678567,10,0
2020-04-02,2,4,2020,8,0,Madagascar,mg,MDG,26262368,54,0
2020-04-02,2,4,2020,10,0,Mali,ml,MLI,19077690,28,1
2020-04-02,2,4,2020,0,0,Mauritania,mr,MRT,4403319,5,0
2020-04-02,2,4,2020,11,2,Mauritius,mu,MUS,1265303,154,5
2020-04-02,2,4,2020,37,3,Morocco,ma,MAR,36029138,654,39
2020-04-02,2,4,2020,2,0,Mozambique,mz,MOZ,29495962,10,0
2020-04-02,2,4,2020,2,0,Namibia,NA,NAM,2448255,13,0
2020-04-02,2,4,2020,54,2,Niger,ne,NER,22442948,74,5
2020-04-02,2,4,2020,20,0,Nigeria,ng,NGA,195874740,151,2
2020-04-02,2,4,2020,7,0,Rwanda,rw,RWA,12301939,82,0
2020-04-02,2,4,2020,15,1,Senegal,sn,SEN,15854360,190,1
2020-04-02,2,4,2020,0,0,Seychelles,sc,SYC,96762,10,0
2020-04-02,2,4,2020,0,0,Sierra_Leone,sl,SLE,7650154,1,0
2020-04-02,2,4,2020,2,0,Somalia,so,SOM,15008154,5,0
2020-04-02,2,4,2020,27,0,South_Africa,za,ZAF,57779622,1380,5
2020-04-02,2,4,2020,0,0,Sudan,sd,SDN,41801533,7,2
2020-04-02,2,4,2020,2,1,Togo,tg,TGO,7889094,36,2
2020-04-02,2,4,2020,32,1,Tunisia,tn,TUN,11565204,394,10
2020-04-02,2,4,2020,0,0,Uganda,ug,UGA,42723139,44,0
2020-04-02,2,4,2020,1,0,United_Republic_of_Tanzania,tz,TZA,56318348,20,1
2020-04-02,2,4,2020,1,0,Zambia,zm,ZMB,17351822,36,0
2020-04-02,2,4,2020,0,0,Zimbabwe,zw,ZWE,14439018,8,1
2020-04-03,3,4,2020,0,0,Algeria,dz,DZA,42228429,847,58
2020-04-03,3,4,2020,0,0,Angola,ao,AGO,30809762,8,2
2020-04-03,3,4,2020,0,0,Benin,bj,BEN,11485048,13,0
2020-04-03,3,4,2020,0,0,Botswana,bw,BWA,2254126,4,1
2020-04-03,3,4,2020,27,2,Burkina_Faso,bf,BFA,19751535,288,16
2020-04-03,3,4,2020,1,0,Burundi,bi,BDI,11175378,3,0
2020-04-03,3,4,2020,38,1,Cameroon,cm,CMR,25216237,271,7
2020-04-03,3,4,2020,0,0,Cape_Verde,cv,CPV,543767,6,1
2020-04-03,3,4,2020,0,0,Central_African_Republic,cf,CAF,4666377,8,0
2020-04-03,3,4,2020,0,0,Chad,td,TCD,15477751,7,0
2020-04-03,3,4,2020,19,1,Congo,cg,COG,5244363,41,3
2020-04-03,3,4,2020,4,0,Cote_dIvoire,ci,CIV,25069229,194,1
2020-04-03,3,4,2020,0,0,Democratic_Republic_of_the_Congo,cd,COD,84068091,123,11
2020-04-03,3,4,2020,7,0,Djibouti,dj,DJI,958920,41,0
2020-04-03,3,4,2020,69,6,Egypt,eg,EGY,98423595,779,52
2020-04-03,3,4,2020,0,0,Equatorial_Guinea,gq,GNQ,1308974,15,0
2020-04-03,3,4,2020,4,0,Eritrea,er,ERI,NA,22,0
2020-04-03,3,4,2020,0,0,Eswatini,sz,SWZ,1367000,9,0
2020-04-03,3,4,2020,0,0,Ethiopia,et,ETH,109224559,29,0
2020-04-03,3,4,2020,2116,471,France,fr,FRA,66987244,59105,4503
2020-04-03,3,4,2020,0,0,Gabon,ga,GAB,2119275,18,1
2020-04-03,3,4,2020,0,0,Gambia,gm,GMB,2280102,4,1
2020-04-03,3,4,2020,9,0,Ghana,gh,GHA,29767108,204,5
2020-04-03,3,4,2020,22,0,Guinea,gn,GIN,12414318,52,0
2020-04-03,3,4,2020,0,0,Guinea_Bissau,gw,GNB,1874309,9,0
2020-04-03,3,4,2020,29,2,Kenya,ke,KEN,51393010,110,3
2020-04-03,3,4,2020,0,0,Liberia,lr,LBR,4818977,6,0
2020-04-03,3,4,2020,1,1,Libya,ly,LBY,6678567,11,1
2020-04-03,3,4,2020,5,0,Madagascar,mg,MDG,26262368,59,0
2020-04-03,3,4,2020,3,0,Malawi,mw,MWI,18143315,3,0
2020-04-03,3,4,2020,8,2,Mali,ml,MLI,19077690,36,3
2020-04-03,3,4,2020,1,1,Mauritania,mr,MRT,4403319,6,1
2020-04-03,3,4,2020,15,2,Mauritius,mu,MUS,1265303,169,7
2020-04-03,3,4,2020,54,5,Morocco,ma,MAR,36029138,708,44
2020-04-03,3,4,2020,0,0,Mozambique,mz,MOZ,29495962,10,0
2020-04-03,3,4,2020,0,0,Namibia,NA,NAM,2448255,13,0
2020-04-03,3,4,2020,0,0,Niger,ne,NER,22442948,74,5
2020-04-03,3,4,2020,23,0,Nigeria,ng,NGA,195874740,174,2
2020-04-03,3,4,2020,0,0,Rwanda,rw,RWA,12301939,82,0
2020-04-03,3,4,2020,5,0,Senegal,sn,SEN,15854360,195,1
2020-04-03,3,4,2020,0,0,Seychelles,sc,SYC,96762,10,0
2020-04-03,3,4,2020,1,0,Sierra_Leone,sl,SLE,7650154,2,0
2020-04-03,3,4,2020,0,0,Somalia,so,SOM,15008154,5,0
2020-04-03,3,4,2020,82,0,South_Africa,za,ZAF,57779622,1462,5
2020-04-03,3,4,2020,0,0,Sudan,sd,SDN,41801533,7,2
2020-04-03,3,4,2020,3,0,Togo,tg,TGO,7889094,39,2
2020-04-03,3,4,2020,61,3,Tunisia,tn,TUN,11565204,455,13
2020-04-03,3,4,2020,1,0,Uganda,ug,UGA,42723139,45,0
2020-04-03,3,4,2020,1,0,United_Republic_of_Tanzania,tz,TZA,56318348,21,1
2020-04-03,3,4,2020,3,1,Zambia,zm,ZMB,17351822,39,1
2020-04-03,3,4,2020,0,0,Zimbabwe,zw,ZWE,14439018,8,1
2020-04-04,4,4,2020,139,25,Algeria,dz,DZA,42228429,986,83
2020-04-04,4,4,2020,0,0,Angola,ao,AGO,30809762,8,2
2020-04-04,4,4,2020,3,0,Benin,bj,BEN,11485048,16,0
2020-04-04,4,4,2020,0,0,Botswana,bw,BWA,2254126,4,1
2020-04-04,4,4,2020,0,0,Burkina_Faso,bf,BFA,19751535,288,16
2020-04-04,4,4,2020,0,0,Burundi,bi,BDI,11175378,3,0
2020-04-04,4,4,2020,238,1,Cameroon,cm,CMR,25216237,509,8
2020-04-04,4,4,2020,0,0,Cape_Verde,cv,CPV,543767,6,1
2020-04-04,4,4,2020,0,0,Central_African_Republic,cf,CAF,4666377,8,0
2020-04-04,4,4,2020,0,0,Chad,td,TCD,15477751,7,0
2020-04-04,4,4,2020,0,0,Congo,cg,COG,5244363,41,3
2020-04-04,4,4,2020,24,0,Cote_dIvoire,ci,CIV,25069229,218,1
2020-04-04,4,4,2020,11,2,Democratic_Republic_of_the_Congo,cd,COD,84068091,134,13
2020-04-04,4,4,2020,0,0,Djibouti,dj,DJI,958920,41,0
2020-04-04,4,4,2020,0,0,Egypt,eg,EGY,98423595,779,52
2020-04-04,4,4,2020,1,0,Equatorial_Guinea,gq,GNQ,1308974,16,0
2020-04-04,4,4,2020,0,0,Eritrea,er,ERI,NA,22,0
2020-04-04,4,4,2020,0,0,Eswatini,sz,SWZ,1367000,9,0
2020-04-04,4,4,2020,6,0,Ethiopia,et,ETH,109224559,35,0
2020-04-04,4,4,2020,5233,2004,France,fr,FRA,66987244,64338,6507
2020-04-04,4,4,2020,3,0,Gabon,ga,GAB,2119275,21,1
2020-04-04,4,4,2020,0,0,Gambia,gm,GMB,2280102,4,1
2020-04-04,4,4,2020,1,0,Ghana,gh,GHA,29767108,205,5
2020-04-04,4,4,2020,0,0,Guinea,gn,GIN,12414318,52,0
2020-04-04,4,4,2020,6,0,Guinea_Bissau,gw,GNB,1874309,15,0
2020-04-04,4,4,2020,12,1,Kenya,ke,KEN,51393010,122,4
2020-04-04,4,4,2020,1,0,Liberia,lr,LBR,4818977,7,0
2020-04-04,4,4,2020,0,0,Libya,ly,LBY,6678567,11,1
2020-04-04,4,4,2020,6,0,Madagascar,mg,MDG,26262368,65,0
2020-04-04,4,4,2020,0,0,Malawi,mw,MWI,18143315,3,0
2020-04-04,4,4,2020,3,0,Mali,ml,MLI,19077690,39,3
2020-04-04,4,4,2020,0,0,Mauritania,mr,MRT,4403319,6,1
2020-04-04,4,4,2020,17,0,Mauritius,mu,MUS,1265303,186,7
2020-04-04,4,4,2020,0,0,Morocco,ma,MAR,36029138,708,44
2020-04-04,4,4,2020,0,0,Mozambique,mz,MOZ,29495962,10,0
2020-04-04,4,4,2020,1,0,Namibia,NA,NAM,2448255,14,0
2020-04-04,4,4,2020,24,0,Niger,ne,NER,22442948,98,5
2020-04-04,4,4,2020,16,0,Nigeria,ng,NGA,195874740,190,2
2020-04-04,4,4,2020,7,0,Rwanda,rw,RWA,12301939,89,0
2020-04-04,4,4,2020,12,0,Senegal,sn,SEN,15854360,207,1
2020-04-04,4,4,2020,0,0,Seychelles,sc,SYC,96762,10,0
2020-04-04,4,4,2020,0,0,Sierra_Leone,sl,SLE,7650154,2,0
2020-04-04,4,4,2020,0,0,Somalia,so,SOM,15008154,5,0
2020-04-04,4,4,2020,43,2,South_Africa,za,ZAF,57779622,1505,7
2020-04-04,4,4,2020,0,0,Sudan,sd,SDN,41801533,7,2
2020-04-04,4,4,2020,1,1,Togo,tg,TGO,7889094,40,3
2020-04-04,4,4,2020,0,0,Tunisia,tn,TUN,11565204,455,13
2020-04-04,4,4,2020,3,0,Uganda,ug,UGA,42723139,48,0
2020-04-04,4,4,2020,0,0,United_Republic_of_Tanzania,tz,TZA,56318348,21,1
2020-04-04,4,4,2020,0,0,Zambia,zm,ZMB,17351822,39,1
2020-04-04,4,4,2020,1,0,Zimbabwe,zw,ZWE,14439018,9,1
2020-04-05,5,4,2020,314,47,Algeria,dz,DZA,42228429,1300,130
2020-04-05,5,4,2020,2,0,Angola,ao,AGO,30809762,10,2
2020-04-05,5,4,2020,0,0,Benin,bj,BEN,11485048,16,0
2020-04-05,5,4,2020,0,0,Botswana,bw,BWA,2254126,4,1
2020-04-05,5,4,2020,14,0,Burkina_Faso,bf,BFA,19751535,302,16
2020-04-05,5,4,2020,0,0,Burundi,bi,BDI,11175378,3,0
2020-04-05,5,4,2020,46,1,Cameroon,cm,CMR,25216237,555,9
2020-04-05,5,4,2020,1,0,Cape_Verde,cv,CPV,543767,7,1
2020-04-05,5,4,2020,1,0,Central_African_Republic,cf,CAF,4666377,9,0
2020-04-05,5,4,2020,1,0,Chad,td,TCD,15477751,8,0
2020-04-05,5,4,2020,4,2,Congo,cg,COG,5244363,45,5
2020-04-05,5,4,2020,27,1,Cote_dIvoire,ci,CIV,25069229,245,2
2020-04-05,5,4,2020,20,5,Democratic_Republic_of_the_Congo,cd,COD,84068091,154,18
2020-04-05,5,4,2020,10,0,Djibouti,dj,DJI,958920,51,0
2020-04-05,5,4,2020,206,14,Egypt,eg,EGY,98423595,985,66
2020-04-05,5,4,2020,0,0,Equatorial_Guinea,gq,GNQ,1308974,16,0
2020-04-05,5,4,2020,7,0,Eritrea,er,ERI,NA,29,0
2020-04-05,5,4,2020,0,0,Eswatini,sz,SWZ,1367000,9,0
2020-04-05,5,4,2020,3,0,Ethiopia,et,ETH,109224559,38,0
2020-04-05,5,4,2020,4267,1053,France,fr,FRA,66987244,68605,7560
2020-04-05,5,4,2020,0,0,Gabon,ga,GAB,2119275,21,1
2020-04-05,5,4,2020,0,0,Gambia,gm,GMB,2280102,4,1
2020-04-05,5,4,2020,9,0,Ghana,gh,GHA,29767108,214,5
2020-04-05,5,4,2020,59,0,Guinea,gn,GIN,12414318,111,0
2020-04-05,5,4,2020,3,0,Guinea_Bissau,gw,GNB,1874309,18,0
2020-04-05,5,4,2020,4,0,Kenya,ke,KEN,51393010,126,4
2020-04-05,5,4,2020,3,1,Liberia,lr,LBR,4818977,10,1
2020-04-05,5,4,2020,7,0,Libya,ly,LBY,6678567,18,1
2020-04-05,5,4,2020,6,0,Madagascar,mg,MDG,26262368,71,0
2020-04-05,5,4,2020,1,0,Malawi,mw,MWI,18143315,4,0
2020-04-05,5,4,2020,2,0,Mali,ml,MLI,19077690,41,3
2020-04-05,5,4,2020,0,0,Mauritania,mr,MRT,4403319,6,1
2020-04-05,5,4,2020,10,0,Mauritius,mu,MUS,1265303,196,7
2020-04-05,5,4,2020,211,15,Morocco,ma,MAR,36029138,919,59
2020-04-05,5,4,2020,0,0,Mozambique,mz,MOZ,29495962,10,0
2020-04-05,5,4,2020,0,0,Namibia,NA,NAM,2448255,14,0
2020-04-05,5,4,2020,22,0,Niger,ne,NER,22442948,120,5
2020-04-05,5,4,2020,20,2,Nigeria,ng,NGA,195874740,210,4
2020-04-05,5,4,2020,13,0,Rwanda,rw,RWA,12301939,102,0
2020-04-05,5,4,2020,12,1,Senegal,sn,SEN,15854360,219,2
2020-04-05,5,4,2020,0,0,Seychelles,sc,SYC,96762,10,0
2020-04-05,5,4,2020,2,0,Sierra_Leone,sl,SLE,7650154,4,0
2020-04-05,5,4,2020,2,0,Somalia,so,SOM,15008154,7,0
2020-04-05,5,4,2020,80,2,South_Africa,za,ZAF,57779622,1585,9
2020-04-05,5,4,2020,3,0,Sudan,sd,SDN,41801533,10,2
2020-04-05,5,4,2020,1,0,Togo,tg,TGO,7889094,41,3
2020-04-05,5,4,2020,40,5,Tunisia,tn,TUN,11565204,495,18
2020-04-05,5,4,2020,0,0,Uganda,ug,UGA,42723139,48,0
2020-04-05,5,4,2020,0,0,United_Republic_of_Tanzania,tz,TZA,56318348,21,1
2020-04-05,5,4,2020,0,0,Zambia,zm,ZMB,17351822,39,1
2020-04-05,5,4,2020,0,0,Zimbabwe,zw,ZWE,14439018,9,1
2020-04-06,6,4,2020,20,22,Algeria,dz,DZA,42228429,1320,152
2020-04-06,6,4,2020,4,0,Angola,ao,AGO,30809762,14,2
2020-04-06,6,4,2020,6,0,Benin,bj,BEN,11485048,22,0
2020-04-06,6,4,2020,2,0,Botswana,bw,BWA,2254126,6,1
2020-04-06,6,4,2020,43,1,Burkina_Faso,bf,BFA,19751535,345,17
2020-04-06,6,4,2020,0,0,Burundi,bi,BDI,11175378,3,0
2020-04-06,6,4,2020,95,0,Cameroon,cm,CMR,25216237,650,9
2020-04-06,6,4,2020,0,0,Cape_Verde,cv,CPV,543767,7,1
2020-04-06,6,4,2020,0,0,Central_African_Republic,cf,CAF,4666377,9,0
2020-04-06,6,4,2020,1,0,Chad,td,TCD,15477751,9,0
2020-04-06,6,4,2020,0,0,Congo,cg,COG,5244363,45,5
2020-04-06,6,4,2020,16,1,Cote_dIvoire,ci,CIV,25069229,261,3
2020-04-06,6,4,2020,0,0,Democratic_Republic_of_the_Congo,cd,COD,84068091,154,18
2020-04-06,6,4,2020,8,0,Djibouti,dj,DJI,958920,59,0
2020-04-06,6,4,2020,85,5,Egypt,eg,EGY,98423595,1070,71
2020-04-06,6,4,2020,0,0,Equatorial_Guinea,gq,GNQ,1308974,16,0
2020-04-06,6,4,2020,0,0,Eritrea,er,ERI,NA,29,0
2020-04-06,6,4,2020,0,0,Eswatini,sz,SWZ,1367000,9,0
2020-04-06,6,4,2020,5,2,Ethiopia,et,ETH,109224559,43,2
2020-04-06,6,4,2020,1873,518,France,fr,FRA,66987244,70478,8078
2020-04-06,6,4,2020,0,0,Gabon,ga,GAB,2119275,21,1
2020-04-06,6,4,2020,0,0,Gambia,gm,GMB,2280102,4,1
2020-04-06,6,4,2020,0,0,Ghana,gh,GHA,29767108,214,5
2020-04-06,6,4,2020,10,5,Guinea,gn,GIN,12414318,121,5
2020-04-06,6,4,2020,0,0,Guinea_Bissau,gw,GNB,1874309,18,0
2020-04-06,6,4,2020,16,0,Kenya,ke,KEN,51393010,142,4
2020-04-06,6,4,2020,3,2,Liberia,lr,LBR,4818977,13,3
2020-04-06,6,4,2020,0,0,Libya,ly,LBY,6678567,18,1
2020-04-06,6,4,2020,1,0,Madagascar,mg,MDG,26262368,72,0
2020-04-06,6,4,2020,0,0,Malawi,mw,MWI,18143315,4,0
2020-04-06,6,4,2020,4,2,Mali,ml,MLI,19077690,45,5
2020-04-06,6,4,2020,0,0,Mauritania,mr,MRT,4403319,6,1
2020-04-06,6,4,2020,31,0,Mauritius,mu,MUS,1265303,227,7
2020-04-06,6,4,2020,102,11,Morocco,ma,MAR,36029138,1021,70
2020-04-06,6,4,2020,0,0,Mozambique,mz,MOZ,29495962,10,0
2020-04-06,6,4,2020,2,0,Namibia,NA,NAM,2448255,16,0
2020-04-06,6,4,2020,64,5,Niger,ne,NER,22442948,184,10
2020-04-06,6,4,2020,22,1,Nigeria,ng,NGA,195874740,232,5
2020-04-06,6,4,2020,2,0,Rwanda,rw,RWA,12301939,104,0
2020-04-06,6,4,2020,3,0,Senegal,sn,SEN,15854360,222,2
2020-04-06,6,4,2020,0,0,Seychelles,sc,SYC,96762,10,0
2020-04-06,6,4,2020,2,0,Sierra_Leone,sl,SLE,7650154,6,0
2020-04-06,6,4,2020,0,0,Somalia,so,SOM,15008154,7,0
2020-04-06,6,4,2020,70,2,South_Africa,za,ZAF,57779622,1655,11
2020-04-06,6,4,2020,2,0,Sudan,sd,SDN,41801533,12,2
2020-04-06,6,4,2020,3,0,Togo,tg,TGO,7889094,44,3
2020-04-06,6,4,2020,58,1,Tunisia,tn,TUN,11565204,553,19
2020-04-06,6,4,2020,4,0,Uganda,ug,UGA,42723139,52,0
2020-04-06,6,4,2020,1,0,United_Republic_of_Tanzania,tz,TZA,56318348,22,1
2020-04-06,6,4,2020,0,0,Zambia,zm,ZMB,17351822,39,1
2020-04-06,6,4,2020,0,0,Zimbabwe,zw,ZWE,14439018,9,1
